exp_nb,cell_id,date,protocol,prot-opt,tp,comments,file_path,file_name
1,C1,2024-03-15,IC,steps,23.0,,03.15/C1/2024_03_15_0000 IC steps 23.abf,2024_03_15_0000 IC steps 23.abf
2,C1,2024-03-15,IC,ramp,23.0,,03.15/C1/2024_03_15_0001 IC ramp 23.abf,2024_03_15_0001 IC ramp 23.abf
3,C1,2024-03-15,IC,sin,23.0,,03.15/C1/2024_03_15_0002 IC sin 23.abf,2024_03_15_0002 IC sin 23.abf
4,C1,2024-03-15,VC,ramp,23.0,,03.15/C1/2024_03_15_0003 VC ramp 23.abf,2024_03_15_0003 VC ramp 23.abf
5,C1,2024-03-15,IC,ramp,25.0,,03.15/C1/2024_03_15_0004 IC ramp 25.abf,2024_03_15_0004 IC ramp 25.abf
6,C1,2024-03-15,IC,sin,25.0,,03.15/C1/2024_03_15_0005 IC sin 25.abf,2024_03_15_0005 IC sin 25.abf
7,C1,2024-03-15,VC,ramp,25.0,,03.15/C1/2024_03_15_0006 VC ramp 25.abf,2024_03_15_0006 VC ramp 25.abf
8,C1,2024-03-15,IC,ramp,27.0,,03.15/C1/2024_03_15_0007 IC ramp 27.abf,2024_03_15_0007 IC ramp 27.abf
9,C1,2024-03-15,IC,sin,27.0,,03.15/C1/2024_03_15_0008 IC sin 27.abf,2024_03_15_0008 IC sin 27.abf
10,C1,2024-03-15,VC,ramp,27.0,,03.15/C1/2024_03_15_0009 VC ramp 27.abf,2024_03_15_0009 VC ramp 27.abf
11,C1,2024-03-15,IC,ramp,29.0,,03.15/C1/2024_03_15_0010 IC ramp 29.abf,2024_03_15_0010 IC ramp 29.abf
12,C1,2024-03-15,IC,sin,29.0,,03.15/C1/2024_03_15_0011 IC sin 29.abf,2024_03_15_0011 IC sin 29.abf
13,C1,2024-03-15,VC,ramp,29.0,,03.15/C1/2024_03_15_0012 VC ramp 29.abf,2024_03_15_0012 VC ramp 29.abf
14,C1,2024-03-15,IC,ramp,31.0,,03.15/C1/2024_03_15_0013 IC ramp 31.abf,2024_03_15_0013 IC ramp 31.abf
15,C1,2024-03-15,IC,sin,31.0,,03.15/C1/2024_03_15_0014 IC sin 31.abf,2024_03_15_0014 IC sin 31.abf
16,C1,2024-03-15,VC,ramp,31.0,,03.15/C1/2024_03_15_0015 VC ramp 31.abf,2024_03_15_0015 VC ramp 31.abf
17,C1,2024-03-15,IC,ramp,34.0,,03.15/C1/2024_03_15_0016 IC ramp 34.abf,2024_03_15_0016 IC ramp 34.abf
18,C1,2024-03-15,IC,sin,34.0,,03.15/C1/2024_03_15_0017 IC sin 34.abf,2024_03_15_0017 IC sin 34.abf
19,C1,2024-03-15,IC,steps,34.0,,03.15/C1/2024_03_15_0018 IC steps 34.abf,2024_03_15_0018 IC steps 34.abf
20,C1,2024-03-15,VC,ramp,34.0,,03.15/C1/2024_03_15_0019 VC ramp 34.abf,2024_03_15_0019 VC ramp 34.abf
21,C1,2024-03-15,IC,ramp,36.0,,03.15/C1/2024_03_15_0020 IC ramp 36.abf,2024_03_15_0020 IC ramp 36.abf
22,C1,2024-03-15,IC,sin,36.0,,03.15/C1/2024_03_15_0021 IC sin 36.abf,2024_03_15_0021 IC sin 36.abf
23,C1,2024-03-15,VC,ramp,36.0,,03.15/C1/2024_03_15_0022 VC ramp 36.abf,2024_03_15_0022 VC ramp 36.abf
24,C1,2024-03-15,IC,ramp,38.0,,03.15/C1/2024_03_15_0023 IC ramp 38.abf,2024_03_15_0023 IC ramp 38.abf
25,C1,2024-03-15,IC,sin,38.0,,03.15/C1/2024_03_15_0024 IC sin 38.abf,2024_03_15_0024 IC sin 38.abf
26,C1,2024-03-15,IC,sin,,(2),03.15/C1/2024_03_15_0025 IC sin 38 (2).abf,2024_03_15_0025 IC sin 38 (2).abf
27,C1,2024-03-15,VC,ramp,38.0,,03.15/C1/2024_03_15_0026 VC ramp 38.abf,2024_03_15_0026 VC ramp 38.abf
28,C1,2024-03-15,IC,ramp,40.0,,03.15/C1/2024_03_15_0027 IC ramp 40.abf,2024_03_15_0027 IC ramp 40.abf
29,C1,2024-03-15,IC,sin,40.0,,03.15/C1/2024_03_15_0028 IC sin 40.abf,2024_03_15_0028 IC sin 40.abf
30,C1,2024-03-15,VC,ramp,40.0,,03.15/C1/2024_03_15_0029 VC ramp 40.abf,2024_03_15_0029 VC ramp 40.abf
31,C1,2024-03-15,IC,ramp,42.0,,03.15/C1/2024_03_15_0030 IC ramp 42.abf,2024_03_15_0030 IC ramp 42.abf
32,C1,2024-03-15,IC,sin,42.0,,03.15/C1/2024_03_15_0031 IC sin 42.abf,2024_03_15_0031 IC sin 42.abf
33,C1,2024-03-15,VC,ramp,42.0,,03.15/C1/2024_03_15_0032 VC ramp 42.abf,2024_03_15_0032 VC ramp 42.abf
34,C1,2024-03-15,IC,ramp,44.0,,03.15/C1/2024_03_15_0033 IC ramp 44.abf,2024_03_15_0033 IC ramp 44.abf
35,C1,2024-03-15,IC,sin,44.0,,03.15/C1/2024_03_15_0034 IC sin 44.abf,2024_03_15_0034 IC sin 44.abf
36,C1,2024-03-15,VC,ramp,44.0,,03.15/C1/2024_03_15_0035 VC ramp 44.abf,2024_03_15_0035 VC ramp 44.abf
37,C2,2024-03-15,IC,steps,23.0,,03.15/C2/2024_03_15_0036 IC steps 23.abf,2024_03_15_0036 IC steps 23.abf
38,C2,2024-03-15,IC,ramp,23.0,,03.15/C2/2024_03_15_0037 IC ramp 23.abf,2024_03_15_0037 IC ramp 23.abf
39,C2,2024-03-15,IC,sin,23.0,,03.15/C2/2024_03_15_0038 IC sin 23.abf,2024_03_15_0038 IC sin 23.abf
40,C2,2024-03-15,VC,ramp,23.0,,03.15/C2/2024_03_15_0039 VC ramp 23.abf,2024_03_15_0039 VC ramp 23.abf
41,C2,2024-03-15,VC,ramp,,(2),03.15/C2/2024_03_15_0040 VC ramp 23 (2).abf,2024_03_15_0040 VC ramp 23 (2).abf
42,C2,2024-03-15,IC,ramp,25.0,,03.15/C2/2024_03_15_0041 IC ramp 25.abf,2024_03_15_0041 IC ramp 25.abf
43,C2,2024-03-15,IC,sin,25.0,,03.15/C2/2024_03_15_0042 IC sin 25.abf,2024_03_15_0042 IC sin 25.abf
44,C2,2024-03-15,VC,ramp,25.0,,03.15/C2/2024_03_15_0043 VC ramp 25.abf,2024_03_15_0043 VC ramp 25.abf
45,C2,2024-03-15,IC,ramp,27.0,,03.15/C2/2024_03_15_0044 IC ramp 27.abf,2024_03_15_0044 IC ramp 27.abf
46,C2,2024-03-15,IC,sin,27.0,,03.15/C2/2024_03_15_0045 IC sin 27.abf,2024_03_15_0045 IC sin 27.abf
47,C2,2024-03-15,IC,sin,,(2),03.15/C2/2024_03_15_0046 IC sin 27 (2).abf,2024_03_15_0046 IC sin 27 (2).abf
48,C2,2024-03-15,VC,ramp,27.0,,03.15/C2/2024_03_15_0047 VC ramp 27.abf,2024_03_15_0047 VC ramp 27.abf
49,C2,2024-03-15,IC,ramp,29.0,,03.15/C2/2024_03_15_0048 IC ramp 29.abf,2024_03_15_0048 IC ramp 29.abf
50,C2,2024-03-15,IC,sin,29.0,,03.15/C2/2024_03_15_0049 IC sin 29.abf,2024_03_15_0049 IC sin 29.abf
51,C2,2024-03-15,IC,sin,,(2),03.15/C2/2024_03_15_0050 IC sin 29 (2).abf,2024_03_15_0050 IC sin 29 (2).abf
52,C2,2024-03-15,VC,ramp,29.0,,03.15/C2/2024_03_15_0051 VC ramp 29.abf,2024_03_15_0051 VC ramp 29.abf
53,C2,2024-03-15,IC,ramp,31.0,,03.15/C2/2024_03_15_0052 IC ramp 31.abf,2024_03_15_0052 IC ramp 31.abf
54,C2,2024-03-15,IC,ramp,,(2),03.15/C2/2024_03_15_0053 IC ramp 31 (2).abf,2024_03_15_0053 IC ramp 31 (2).abf
55,C2,2024-03-15,IC,sin,31.0,,03.15/C2/2024_03_15_0054 IC sin 31.abf,2024_03_15_0054 IC sin 31.abf
56,C2,2024-03-15,IC,sin,,(2),03.15/C2/2024_03_15_0055 IC sin 31 (2).abf,2024_03_15_0055 IC sin 31 (2).abf
57,C2,2024-03-15,VC,ramp,31.0,,03.15/C2/2024_03_15_0056 VC ramp 31.abf,2024_03_15_0056 VC ramp 31.abf
58,C2,2024-03-15,IC,ramp,34.0,,03.15/C2/2024_03_15_0057 IC ramp 34.abf,2024_03_15_0057 IC ramp 34.abf
59,C2,2024-03-15,IC,ramp,,(2),03.15/C2/2024_03_15_0058 IC ramp 34 (2).abf,2024_03_15_0058 IC ramp 34 (2).abf
60,C2,2024-03-15,IC,sin,34.0,,03.15/C2/2024_03_15_0059 IC sin 34.abf,2024_03_15_0059 IC sin 34.abf
61,C2,2024-03-15,VC,ramp,34.0,,03.15/C2/2024_03_15_0060 VC ramp 34.abf,2024_03_15_0060 VC ramp 34.abf
62,C2,2024-03-15,IC,ramp,36.0,,03.15/C2/2024_03_15_0061 IC ramp 36.abf,2024_03_15_0061 IC ramp 36.abf
63,C2,2024-03-15,IC,ramp,,(2),03.15/C2/2024_03_15_0062 IC ramp 36 (2).abf,2024_03_15_0062 IC ramp 36 (2).abf
64,C2,2024-03-15,IC,sin,36.0,,03.15/C2/2024_03_15_0063 IC sin 36.abf,2024_03_15_0063 IC sin 36.abf
65,C2,2024-03-15,IC,ramp,64.0,,03.15/C2/2024_03_15_0064 IC ramp modified.abf,2024_03_15_0064 IC ramp modified.abf
66,C2,2024-03-15,VC,ramp,36.0,,03.15/C2/2024_03_15_0065 VC ramp 36.abf,2024_03_15_0065 VC ramp 36.abf
67,C2,2024-03-15,IC,ramp,38.0,dead,03.15/C2/2024_03_15_0066 IC ramp 38 dead.abf,2024_03_15_0066 IC ramp 38 dead.abf
68,C3,2024-03-20,IC,step,23.5,,"03.20/C1/2024_03_20_0000 IC step 23,5.abf","2024_03_20_0000 IC step 23,5.abf"
69,C3,2024-03-20,IC,ramp,23.5,,"03.20/C1/2024_03_20_0001 IC ramp 23,5.abf","2024_03_20_0001 IC ramp 23,5.abf"
70,C3,2024-03-20,VC,ramp,23.5,,"03.20/C1/2024_03_20_0002 VC ramp 23,5.abf","2024_03_20_0002 VC ramp 23,5.abf"
71,C3,2024-03-20,IC,ramp,33.0,,03.20/C1/2024_03_20_0003 IC ramp 33.abf,2024_03_20_0003 IC ramp 33.abf
72,C3,2024-03-20,VC,ramp,33.0,,03.20/C1/2024_03_20_0004 VC ramp 33.abf,2024_03_20_0004 VC ramp 33.abf
73,C3,2024-03-20,IC,ramp,38.0,,03.20/C1/2024_03_20_0005 IC ramp 38.abf,2024_03_20_0005 IC ramp 38.abf
74,C3,2024-03-20,VC,ramp,38.0,,03.20/C1/2024_03_20_0006 VC ramp 38.abf,2024_03_20_0006 VC ramp 38.abf
75,C3,2024-03-20,IC,steps,38.0,square steps,03.20/C1/2024_03_20_0007 IC square steps 38.abf,2024_03_20_0007 IC square steps 38.abf
76,C3,2024-03-20,DC,sin,38.0,IC,03.20/C1/2024_03_20_0008 IC sin 38 DC.abf,2024_03_20_0008 IC sin 38 DC.abf
77,C3,2024-03-20,DC,,38.0,,03.20/C1/2024_03_20_0009 38 DC.abf,2024_03_20_0009 38 DC.abf
78,C3,2024-03-20,DC,,38.0,,03.20/C1/2024_03_20_0010 38 DC.abf,2024_03_20_0010 38 DC.abf
79,C3,2024-03-20,IC,ramp,43.0,,03.20/C1/2024_03_20_0011 IC ramp 43.abf,2024_03_20_0011 IC ramp 43.abf
80,C3,2024-03-20,VC,ramp,43.0,,03.20/C1/2024_03_20_0012 VC ramp 43.abf,2024_03_20_0012 VC ramp 43.abf
81,C3,2024-03-20,DC,,43.0,,03.20/C1/2024_03_20_0013 43 DC.abf,2024_03_20_0013 43 DC.abf
82,C3,2024-03-20,DC,,43.0,,03.20/C1/2024_03_20_0014 43 DC.abf,2024_03_20_0014 43 DC.abf
83,C3,2024-03-20,DC,,43.0,,03.20/C1/2024_03_20_0015 43 DC.abf,2024_03_20_0015 43 DC.abf
84,C3,2024-03-20,IC,ramp,44.5,,"03.20/C1/2024_03_20_0016 IC ramp 44,5.abf","2024_03_20_0016 IC ramp 44,5.abf"
85,C3,2024-03-20,VC,ramp,44.5,,"03.20/C1/2024_03_20_0017 VC ramp 44,5.abf","2024_03_20_0017 VC ramp 44,5.abf"
86,C3,2024-03-20,DC,,44.5,,"03.20/C1/2024_03_20_0018 44,5 DC.abf","2024_03_20_0018 44,5 DC.abf"
87,C3,2024-03-20,DC,,44.5,,"03.20/C1/2024_03_20_0019 44,5 DC.abf","2024_03_20_0019 44,5 DC.abf"
95,C4,2024-04-10,IC,ramp,25.0,,04.10/C1/04.10 C1 IC ramp 25.atf,04.10 C1 IC ramp 25.atf
96,C4,2024-04-10,IC,ramp,28.0,,04.10/C1/04.10 C1 IC ramp 28.atf,04.10 C1 IC ramp 28.atf
97,C4,2024-04-10,IC,ramp,31.0,,04.10/C1/04.10 C1 IC ramp 31.atf,04.10 C1 IC ramp 31.atf
98,C4,2024-04-10,IC,ramp,34.0,,04.10/C1/04.10 C1 IC ramp 34.atf,04.10 C1 IC ramp 34.atf
99,C4,2024-04-10,IC,ramp,37.0,,04.10/C1/04.10 C1 IC ramp 37.atf,04.10 C1 IC ramp 37.atf
100,C4,2024-04-10,VC,ramp,25.0,,04.10/C1/04.10 C1 VC ramp 25.atf,04.10 C1 VC ramp 25.atf
101,C4,2024-04-10,VC,ramp,28.0,,04.10/C1/04.10 C1 VC ramp 28.atf,04.10 C1 VC ramp 28.atf
102,C4,2024-04-10,VC,ramp,31.0,,04.10/C1/04.10 C1 VC ramp 31.atf,04.10 C1 VC ramp 31.atf
103,C4,2024-04-10,VC,ramp,34.0,,04.10/C1/04.10 C1 VC ramp 34.atf,04.10 C1 VC ramp 34.atf
104,C4,2024-04-10,VC,ramp,37.0,,04.10/C1/04.10 C1 VC ramp 37.atf,04.10 C1 VC ramp 37.atf
105,C4,2024-04-10,,,0.0,,04.10/C1/2024_04_10_0000.abf,2024_04_10_0000.abf
106,C4,2024-04-10,,,1.0,,04.10/C1/2024_04_10_0001.abf,2024_04_10_0001.abf
107,C4,2024-04-10,,,2.0,,04.10/C1/2024_04_10_0002.abf,2024_04_10_0002.abf
108,C4,2024-04-10,,,3.0,,04.10/C1/2024_04_10_0003.abf,2024_04_10_0003.abf
109,C4,2024-04-10,,,4.0,,04.10/C1/2024_04_10_0004.abf,2024_04_10_0004.abf
110,C4,2024-04-10,,,5.0,,04.10/C1/2024_04_10_0005.abf,2024_04_10_0005.abf
111,C4,2024-04-10,,,6.0,,04.10/C1/2024_04_10_0006.abf,2024_04_10_0006.abf
112,C4,2024-04-10,,,7.0,,04.10/C1/2024_04_10_0007.abf,2024_04_10_0007.abf
113,C4,2024-04-10,,,8.0,,04.10/C1/2024_04_10_0008.abf,2024_04_10_0008.abf
114,C4,2024-04-10,,,9.0,,04.10/C1/2024_04_10_0009.abf,2024_04_10_0009.abf
115,C4,2024-04-10,,,10.0,,04.10/C1/2024_04_10_0010.abf,2024_04_10_0010.abf
116,C4,2024-04-10,,,11.0,,04.10/C1/2024_04_10_0011.abf,2024_04_10_0011.abf
117,C4,2024-04-10,,,12.0,,04.10/C1/2024_04_10_0012.abf,2024_04_10_0012.abf
118,C4,2024-04-10,,,13.0,,04.10/C1/2024_04_10_0013.abf,2024_04_10_0013.abf
119,C4,2024-04-10,,,14.0,,04.10/C1/2024_04_10_0014.abf,2024_04_10_0014.abf
120,C4,2024-04-10,,,15.0,,04.10/C1/2024_04_10_0015.abf,2024_04_10_0015.abf
121,C4,2024-04-10,,,16.0,,04.10/C1/2024_04_10_0016.abf,2024_04_10_0016.abf
122,C4,2024-04-10,,,17.0,,04.10/C1/2024_04_10_0017.abf,2024_04_10_0017.abf
123,C4,2024-04-10,,,18.0,,04.10/C1/2024_04_10_0018.abf,2024_04_10_0018.abf
124,C4,2024-04-10,,,19.0,,04.10/C1/2024_04_10_0019.abf,2024_04_10_0019.abf
125,C4,2024-04-10,,,20.0,,04.10/C1/2024_04_10_0020.abf,2024_04_10_0020.abf
126,C4,2024-04-10,,,21.0,,04.10/C1/2024_04_10_0021.abf,2024_04_10_0021.abf
127,C5,2024-04-10,,,22.0,immature,04.10/C2 immature/2024_04_10_0022.abf,2024_04_10_0022.abf
128,C6,2024-04-10,IC,ramp,25.0,,04.10/C3/04.10 C3 IC ramp 25.atf,04.10 C3 IC ramp 25.atf
129,C6,2024-04-10,IC,ramp,28.0,,04.10/C3/04.10 C3 IC ramp 28.atf,04.10 C3 IC ramp 28.atf
130,C6,2024-04-10,IC,ramp,31.0,,04.10/C3/04.10 C3 IC ramp 31.atf,04.10 C3 IC ramp 31.atf
131,C6,2024-04-10,IC,ramp,34.0,,04.10/C3/04.10 C3 IC ramp 34.atf,04.10 C3 IC ramp 34.atf
132,C6,2024-04-10,IC,ramp,37.0,,04.10/C3/04.10 C3 IC ramp 37.atf,04.10 C3 IC ramp 37.atf
133,C6,2024-04-10,IC,ramp,40.0,,04.10/C3/04.10 C3 IC ramp 40.atf,04.10 C3 IC ramp 40.atf
134,C6,2024-04-10,VC,ramp,25.0,,04.10/C3/04.10 C3 VC ramp 25.atf,04.10 C3 VC ramp 25.atf
135,C6,2024-04-10,VC,ramp,28.0,,04.10/C3/04.10 C3 VC ramp 28.atf,04.10 C3 VC ramp 28.atf
136,C6,2024-04-10,VC,ramp,,(2),04.10/C3/04.10 C3 VC ramp 31 (2).atf,04.10 C3 VC ramp 31 (2).atf
137,C6,2024-04-10,VC,ramp,31.0,,04.10/C3/04.10 C3 VC ramp 31.atf,04.10 C3 VC ramp 31.atf
138,C6,2024-04-10,VC,ramp,34.0,,04.10/C3/04.10 C3 VC ramp 34.atf,04.10 C3 VC ramp 34.atf
139,C6,2024-04-10,VC,ramp,37.0,,04.10/C3/04.10 C3 VC ramp 37.atf,04.10 C3 VC ramp 37.atf
140,C6,2024-04-10,VC,ramp,40.0,,04.10/C3/04.10 C3 VC ramp 40.atf,04.10 C3 VC ramp 40.atf
141,C6,2024-04-10,,,23.0,,04.10/C3/2024_04_10_0023.abf,2024_04_10_0023.abf
142,C6,2024-04-10,,,24.0,,04.10/C3/2024_04_10_0024.abf,2024_04_10_0024.abf
143,C6,2024-04-10,,,25.0,,04.10/C3/2024_04_10_0025.abf,2024_04_10_0025.abf
144,C6,2024-04-10,,,26.0,,04.10/C3/2024_04_10_0026.abf,2024_04_10_0026.abf
145,C6,2024-04-10,,,27.0,,04.10/C3/2024_04_10_0027.abf,2024_04_10_0027.abf
146,C6,2024-04-10,,,28.0,,04.10/C3/2024_04_10_0028.abf,2024_04_10_0028.abf
147,C6,2024-04-10,,,29.0,,04.10/C3/2024_04_10_0029.abf,2024_04_10_0029.abf
148,C6,2024-04-10,,,30.0,,04.10/C3/2024_04_10_0030.abf,2024_04_10_0030.abf
149,C6,2024-04-10,,,31.0,,04.10/C3/2024_04_10_0031.abf,2024_04_10_0031.abf
150,C6,2024-04-10,,,32.0,,04.10/C3/2024_04_10_0032.abf,2024_04_10_0032.abf
151,C6,2024-04-10,,,33.0,,04.10/C3/2024_04_10_0033.abf,2024_04_10_0033.abf
152,C6,2024-04-10,,,34.0,,04.10/C3/2024_04_10_0034.abf,2024_04_10_0034.abf
153,C6,2024-04-10,,,35.0,,04.10/C3/2024_04_10_0035.abf,2024_04_10_0035.abf
154,C6,2024-04-10,,,36.0,,04.10/C3/2024_04_10_0036.abf,2024_04_10_0036.abf
155,C6,2024-04-10,,,37.0,,04.10/C3/2024_04_10_0037.abf,2024_04_10_0037.abf
156,C7,2024-05-07,IC,ramp,25.0,,05.07/C1 DG/05.07 C1 IC ramp 25.atf,05.07 C1 IC ramp 25.atf
157,C7,2024-05-07,IC,ramp,28.0,,05.07/C1 DG/05.07 C1 IC ramp 28.atf,05.07 C1 IC ramp 28.atf
158,C7,2024-05-07,IC,ramp,31.0,,05.07/C1 DG/05.07 C1 IC ramp 31.atf,05.07 C1 IC ramp 31.atf
159,C7,2024-05-07,IC,ramp,34.0,,05.07/C1 DG/05.07 C1 IC ramp 34.atf,05.07 C1 IC ramp 34.atf
160,C7,2024-05-07,IC,ramp,37.0,,05.07/C1 DG/05.07 C1 IC ramp 37.atf,05.07 C1 IC ramp 37.atf
161,C7,2024-05-07,IC,ramp,40.0,,05.07/C1 DG/05.07 C1 IC ramp 40.atf,05.07 C1 IC ramp 40.atf
162,C7,2024-05-07,IC,sin,25.0,,05.07/C1 DG/05.07 C1 IC sin 25.atf,05.07 C1 IC sin 25.atf
163,C7,2024-05-07,IC,sin,34.0,,05.07/C1 DG/05.07 C1 IC sin 34.atf,05.07 C1 IC sin 34.atf
164,C7,2024-05-07,IC,sin,40.0,,05.07/C1 DG/05.07 C1 IC sin 40.atf,05.07 C1 IC sin 40.atf
165,C7,2024-05-07,VC,ramp,25.0,,05.07/C1 DG/05.07 C1 VC ramp 25.atf,05.07 C1 VC ramp 25.atf
166,C7,2024-05-07,VC,ramp,28.0,,05.07/C1 DG/05.07 C1 VC ramp 28.atf,05.07 C1 VC ramp 28.atf
167,C7,2024-05-07,VC,ramp,31.0,,05.07/C1 DG/05.07 C1 VC ramp 31.atf,05.07 C1 VC ramp 31.atf
168,C7,2024-05-07,VC,ramp,34.0,,05.07/C1 DG/05.07 C1 VC ramp 34.atf,05.07 C1 VC ramp 34.atf
169,C7,2024-05-07,VC,ramp,37.0,,05.07/C1 DG/05.07 C1 VC ramp 37.atf,05.07 C1 VC ramp 37.atf
170,C7,2024-05-07,VC,ramp,40.0,,05.07/C1 DG/05.07 C1 VC ramp 40.atf,05.07 C1 VC ramp 40.atf
171,C7,2024-05-07,,,0.0,,05.07/C1 DG/2024_05_07_0000.abf,2024_05_07_0000.abf
172,C7,2024-05-07,,,1.0,,05.07/C1 DG/2024_05_07_0001.abf,2024_05_07_0001.abf
173,C7,2024-05-07,,,2.0,,05.07/C1 DG/2024_05_07_0002.abf,2024_05_07_0002.abf
174,C7,2024-05-07,,,3.0,,05.07/C1 DG/2024_05_07_0003.abf,2024_05_07_0003.abf
175,C7,2024-05-07,,,4.0,,05.07/C1 DG/2024_05_07_0004.abf,2024_05_07_0004.abf
176,C7,2024-05-07,,,5.0,,05.07/C1 DG/2024_05_07_0005.abf,2024_05_07_0005.abf
177,C7,2024-05-07,,,6.0,,05.07/C1 DG/2024_05_07_0006.abf,2024_05_07_0006.abf
178,C7,2024-05-07,,,7.0,,05.07/C1 DG/2024_05_07_0007.abf,2024_05_07_0007.abf
179,C7,2024-05-07,,,8.0,,05.07/C1 DG/2024_05_07_0008.abf,2024_05_07_0008.abf
180,C7,2024-05-07,,,9.0,,05.07/C1 DG/2024_05_07_0009.abf,2024_05_07_0009.abf
181,C7,2024-05-07,,,10.0,,05.07/C1 DG/2024_05_07_0010.abf,2024_05_07_0010.abf
182,C7,2024-05-07,,,11.0,,05.07/C1 DG/2024_05_07_0011.abf,2024_05_07_0011.abf
183,C7,2024-05-07,,,12.0,,05.07/C1 DG/2024_05_07_0012.abf,2024_05_07_0012.abf
184,C7,2024-05-07,,,13.0,,05.07/C1 DG/2024_05_07_0013.abf,2024_05_07_0013.abf
185,C7,2024-05-07,,,14.0,,05.07/C1 DG/2024_05_07_0014.abf,2024_05_07_0014.abf
186,C7,2024-05-07,,,15.0,,05.07/C1 DG/2024_05_07_0015.abf,2024_05_07_0015.abf
187,C7,2024-05-07,,,16.0,,05.07/C1 DG/2024_05_07_0016.abf,2024_05_07_0016.abf
188,C8,2024-05-07,IC,ramp,25.0,,05.07/C2 DG/05.07 C2 IC ramp 25.atf,05.07 C2 IC ramp 25.atf
189,C8,2024-05-07,IC,ramp,28.0,,05.07/C2 DG/05.07 C2 IC ramp 28.atf,05.07 C2 IC ramp 28.atf
190,C8,2024-05-07,IC,ramp,31.0,,05.07/C2 DG/05.07 C2 IC ramp 31.atf,05.07 C2 IC ramp 31.atf
191,C8,2024-05-07,IC,ramp,34.0,,05.07/C2 DG/05.07 C2 IC ramp 34.atf,05.07 C2 IC ramp 34.atf
192,C8,2024-05-07,IC,ramp,37.0,,05.07/C2 DG/05.07 C2 IC ramp 37.atf,05.07 C2 IC ramp 37.atf
193,C8,2024-05-07,IC,ramp,40.0,,05.07/C2 DG/05.07 C2 IC ramp 40.atf,05.07 C2 IC ramp 40.atf
194,C8,2024-05-07,IC,ramp,43.0,,05.07/C2 DG/05.07 C2 IC ramp 43.atf,05.07 C2 IC ramp 43.atf
195,C8,2024-05-07,IC,sin,25.0,,05.07/C2 DG/05.07 C2 IC sin 25.atf,05.07 C2 IC sin 25.atf
196,C8,2024-05-07,IC,sin,34.0,,05.07/C2 DG/05.07 C2 IC sin 34.atf,05.07 C2 IC sin 34.atf
197,C8,2024-05-07,IC,sin,40.0,,05.07/C2 DG/05.07 C2 IC sin 40.atf,05.07 C2 IC sin 40.atf
198,C8,2024-05-07,IC,sin,43.0,,05.07/C2 DG/05.07 C2 IC sin 43.atf,05.07 C2 IC sin 43.atf
199,C8,2024-05-07,VC,ramp,25.0,,05.07/C2 DG/05.07 C2 VC ramp 25.atf,05.07 C2 VC ramp 25.atf
200,C8,2024-05-07,VC,ramp,28.0,,05.07/C2 DG/05.07 C2 VC ramp 28.atf,05.07 C2 VC ramp 28.atf
201,C8,2024-05-07,VC,ramp,31.0,,05.07/C2 DG/05.07 C2 VC ramp 31.atf,05.07 C2 VC ramp 31.atf
202,C8,2024-05-07,VC,ramp,34.0,,05.07/C2 DG/05.07 C2 VC ramp 34.atf,05.07 C2 VC ramp 34.atf
203,C8,2024-05-07,VC,ramp,37.0,,05.07/C2 DG/05.07 C2 VC ramp 37.atf,05.07 C2 VC ramp 37.atf
204,C8,2024-05-07,VC,ramp,40.0,,05.07/C2 DG/05.07 C2 VC ramp 40.atf,05.07 C2 VC ramp 40.atf
205,C8,2024-05-07,VC,ramp,43.0,,05.07/C2 DG/05.07 C2 VC ramp 43.atf,05.07 C2 VC ramp 43.atf
206,C8,2024-05-07,,,16.0,,05.07/C2 DG/2024_05_07_0016.abf,2024_05_07_0016.abf
207,C8,2024-05-07,,,17.0,,05.07/C2 DG/2024_05_07_0017.abf,2024_05_07_0017.abf
208,C8,2024-05-07,,,18.0,,05.07/C2 DG/2024_05_07_0018.abf,2024_05_07_0018.abf
209,C8,2024-05-07,,,19.0,,05.07/C2 DG/2024_05_07_0019.abf,2024_05_07_0019.abf
210,C8,2024-05-07,,,20.0,,05.07/C2 DG/2024_05_07_0020.abf,2024_05_07_0020.abf
211,C8,2024-05-07,,,21.0,,05.07/C2 DG/2024_05_07_0021.abf,2024_05_07_0021.abf
212,C8,2024-05-07,,,22.0,,05.07/C2 DG/2024_05_07_0022.abf,2024_05_07_0022.abf
213,C8,2024-05-07,,,23.0,,05.07/C2 DG/2024_05_07_0023.abf,2024_05_07_0023.abf
214,C8,2024-05-07,,,24.0,,05.07/C2 DG/2024_05_07_0024.abf,2024_05_07_0024.abf
215,C8,2024-05-07,,,25.0,,05.07/C2 DG/2024_05_07_0025.abf,2024_05_07_0025.abf
216,C8,2024-05-07,,,26.0,,05.07/C2 DG/2024_05_07_0026.abf,2024_05_07_0026.abf
217,C8,2024-05-07,,,27.0,,05.07/C2 DG/2024_05_07_0027.abf,2024_05_07_0027.abf
218,C8,2024-05-07,,,28.0,,05.07/C2 DG/2024_05_07_0028.abf,2024_05_07_0028.abf
219,C8,2024-05-07,,,29.0,,05.07/C2 DG/2024_05_07_0029.abf,2024_05_07_0029.abf
220,C8,2024-05-07,,,30.0,,05.07/C2 DG/2024_05_07_0030.abf,2024_05_07_0030.abf
221,C8,2024-05-07,,,31.0,,05.07/C2 DG/2024_05_07_0031.abf,2024_05_07_0031.abf
222,C8,2024-05-07,,,32.0,,05.07/C2 DG/2024_05_07_0032.abf,2024_05_07_0032.abf
223,C8,2024-05-07,,,33.0,,05.07/C2 DG/2024_05_07_0033.abf,2024_05_07_0033.abf
224,C8,2024-05-07,,,34.0,,05.07/C2 DG/2024_05_07_0034.abf,2024_05_07_0034.abf
225,C8,2024-05-07,,,35.0,,05.07/C2 DG/2024_05_07_0035.abf,2024_05_07_0035.abf
226,C9,2024-05-20,IC,ramp,25.0,,05.20/C1/05.20 C1 IC ramp 25.atf,05.20 C1 IC ramp 25.atf
227,C9,2024-05-20,IC,ramp,28.0,,05.20/C1/05.20 C1 IC ramp 28.atf,05.20 C1 IC ramp 28.atf
228,C9,2024-05-20,IC,ramp,31.0,,05.20/C1/05.20 C1 IC ramp 31.atf,05.20 C1 IC ramp 31.atf
229,C9,2024-05-20,IC,sin,25.0,,05.20/C1/05.20 C1 IC sin 25.atf,05.20 C1 IC sin 25.atf
230,C9,2024-05-20,VC,ramp,25.0,,05.20/C1/05.20 C1 VC ramp 25.atf,05.20 C1 VC ramp 25.atf
231,C9,2024-05-20,VC,ramp,28.0,,05.20/C1/05.20 C1 VC ramp 28.atf,05.20 C1 VC ramp 28.atf
232,C9,2024-05-20,VC,ramp,31.0,,05.20/C1/05.20 C1 VC ramp 31.atf,05.20 C1 VC ramp 31.atf
233,C9,2024-05-20,,,0.0,,05.20/C1/2024_05_20_0000.abf,2024_05_20_0000.abf
234,C9,2024-05-20,,,1.0,,05.20/C1/2024_05_20_0001.abf,2024_05_20_0001.abf
235,C9,2024-05-20,,,2.0,,05.20/C1/2024_05_20_0002.abf,2024_05_20_0002.abf
236,C9,2024-05-20,,,3.0,,05.20/C1/2024_05_20_0003.abf,2024_05_20_0003.abf
237,C9,2024-05-20,,,4.0,,05.20/C1/2024_05_20_0004.abf,2024_05_20_0004.abf
238,C9,2024-05-20,,,5.0,,05.20/C1/2024_05_20_0005.abf,2024_05_20_0005.abf
239,C9,2024-05-20,,,6.0,,05.20/C1/2024_05_20_0006.abf,2024_05_20_0006.abf
240,C9,2024-05-20,,,7.0,,05.20/C1/2024_05_20_0007.abf,2024_05_20_0007.abf
241,C10,2024-05-20,IC,ramp,25.0,,05.20/C2/20.05 C2 IC ramp 25.atf,20.05 C2 IC ramp 25.atf
242,C10,2024-05-20,IC,ramp,28.0,,05.20/C2/20.05 C2 IC ramp 28.atf,20.05 C2 IC ramp 28.atf
243,C10,2024-05-20,IC,sin,25.0,,05.20/C2/20.05 C2 IC sin 25.atf,20.05 C2 IC sin 25.atf
244,C10,2024-05-20,VC,ramp,25.0,,05.20/C2/20.05 C2 VC ramp 25.atf,20.05 C2 VC ramp 25.atf
245,C10,2024-05-20,,,8.0,,05.20/C2/2024_05_20_0008.abf,2024_05_20_0008.abf
246,C10,2024-05-20,,,9.0,,05.20/C2/2024_05_20_0009.abf,2024_05_20_0009.abf
247,C10,2024-05-20,,,10.0,,05.20/C2/2024_05_20_0010.abf,2024_05_20_0010.abf
248,C10,2024-05-20,,,11.0,,05.20/C2/2024_05_20_0011.abf,2024_05_20_0011.abf
249,C10,2024-05-20,,,12.0,,05.20/C2/2024_05_20_0012.abf,2024_05_20_0012.abf
250,C11,2024-05-20,IC,ramp,25.0,,05.20/C3/05.20 C3 IC ramp 25.atf,05.20 C3 IC ramp 25.atf
251,C11,2024-05-20,IC,ramp,28.0,,05.20/C3/05.20 C3 IC ramp 28.atf,05.20 C3 IC ramp 28.atf
252,C11,2024-05-20,IC,ramp,31.0,,05.20/C3/05.20 C3 IC ramp 31.atf,05.20 C3 IC ramp 31.atf
253,C11,2024-05-20,IC,ramp,34.0,,05.20/C3/05.20 C3 IC ramp 34.atf,05.20 C3 IC ramp 34.atf
254,C11,2024-05-20,IC,ramp,37.0,,05.20/C3/05.20 C3 IC ramp 37.atf,05.20 C3 IC ramp 37.atf
255,C11,2024-05-20,IC,ramp,40.0,,05.20/C3/05.20 C3 IC ramp 40.atf,05.20 C3 IC ramp 40.atf
256,C11,2024-05-20,IC,ramp,43.0,,05.20/C3/05.20 C3 IC ramp 43.atf,05.20 C3 IC ramp 43.atf
257,C11,2024-05-20,IC,sin,25.0,,05.20/C3/05.20 C3 IC sin 25.atf,05.20 C3 IC sin 25.atf
258,C11,2024-05-20,IC,sin,34.0,,05.20/C3/05.20 C3 IC sin 34.atf,05.20 C3 IC sin 34.atf
259,C11,2024-05-20,IC,sin,40.0,,05.20/C3/05.20 C3 IC sin 40.atf,05.20 C3 IC sin 40.atf
260,C11,2024-05-20,VC,ramp,25.0,,05.20/C3/05.20 C3 VC ramp 25.atf,05.20 C3 VC ramp 25.atf
261,C11,2024-05-20,VC,ramp,28.0,,05.20/C3/05.20 C3 VC ramp 28.atf,05.20 C3 VC ramp 28.atf
262,C11,2024-05-20,VC,ramp,31.0,,05.20/C3/05.20 C3 VC ramp 31.atf,05.20 C3 VC ramp 31.atf
263,C11,2024-05-20,VC,ramp,34.0,,05.20/C3/05.20 C3 VC ramp 34.atf,05.20 C3 VC ramp 34.atf
264,C11,2024-05-20,VC,ramp,37.0,,05.20/C3/05.20 C3 VC ramp 37.atf,05.20 C3 VC ramp 37.atf
265,C11,2024-05-20,VC,ramp,40.0,,05.20/C3/05.20 C3 VC ramp 40.atf,05.20 C3 VC ramp 40.atf
266,C11,2024-05-20,VC,ramp,43.0,,05.20/C3/05.20 C3 VC ramp 43.atf,05.20 C3 VC ramp 43.atf
267,C11,2024-05-20,,,13.0,,05.20/C3/2024_05_20_0013.abf,2024_05_20_0013.abf
268,C11,2024-05-20,,,14.0,,05.20/C3/2024_05_20_0014.abf,2024_05_20_0014.abf
269,C11,2024-05-20,,,15.0,,05.20/C3/2024_05_20_0015.abf,2024_05_20_0015.abf
270,C11,2024-05-20,,,16.0,,05.20/C3/2024_05_20_0016.abf,2024_05_20_0016.abf
271,C11,2024-05-20,,,17.0,,05.20/C3/2024_05_20_0017.abf,2024_05_20_0017.abf
272,C11,2024-05-20,,,18.0,,05.20/C3/2024_05_20_0018.abf,2024_05_20_0018.abf
273,C11,2024-05-20,,,19.0,,05.20/C3/2024_05_20_0019.abf,2024_05_20_0019.abf
274,C11,2024-05-20,,,20.0,,05.20/C3/2024_05_20_0020.abf,2024_05_20_0020.abf
275,C11,2024-05-20,,,21.0,,05.20/C3/2024_05_20_0021.abf,2024_05_20_0021.abf
276,C11,2024-05-20,,,22.0,,05.20/C3/2024_05_20_0022.abf,2024_05_20_0022.abf
277,C11,2024-05-20,,,23.0,,05.20/C3/2024_05_20_0023.abf,2024_05_20_0023.abf
278,C11,2024-05-20,,,24.0,,05.20/C3/2024_05_20_0024.abf,2024_05_20_0024.abf
279,C11,2024-05-20,,,25.0,,05.20/C3/2024_05_20_0025.abf,2024_05_20_0025.abf
280,C11,2024-05-20,,,26.0,,05.20/C3/2024_05_20_0026.abf,2024_05_20_0026.abf
281,C11,2024-05-20,,,27.0,,05.20/C3/2024_05_20_0027.abf,2024_05_20_0027.abf
282,C11,2024-05-20,,,28.0,,05.20/C3/2024_05_20_0028.abf,2024_05_20_0028.abf
283,C11,2024-05-20,,,29.0,,05.20/C3/2024_05_20_0029.abf,2024_05_20_0029.abf
284,C11,2024-05-20,,,30.0,,05.20/C3/2024_05_20_0030.abf,2024_05_20_0030.abf
285,C12,2024-05-20,,,31.0,,05.20/C4/2024_05_20_0031.abf,2024_05_20_0031.abf
286,C12,2024-05-20,,,32.0,,05.20/C4/2024_05_20_0032.abf,2024_05_20_0032.abf
287,C13,2024-05-20,IC,ramp,25.0,,05.20/C5/05.20 C5 IC ramp 25.atf,05.20 C5 IC ramp 25.atf
288,C13,2024-05-20,IC,ramp,28.0,,05.20/C5/05.20 C5 IC ramp 28.atf,05.20 C5 IC ramp 28.atf
289,C13,2024-05-20,IC,ramp,31.0,,05.20/C5/05.20 C5 IC ramp 31.atf,05.20 C5 IC ramp 31.atf
290,C13,2024-05-20,IC,ramp,34.0,,05.20/C5/05.20 C5 IC ramp 34.atf,05.20 C5 IC ramp 34.atf
291,C13,2024-05-20,IC,ramp,37.0,,05.20/C5/05.20 C5 IC ramp 37.atf,05.20 C5 IC ramp 37.atf
292,C13,2024-05-20,IC,ramp,40.0,,05.20/C5/05.20 C5 IC ramp 40.atf,05.20 C5 IC ramp 40.atf
293,C13,2024-05-20,IC,ramp,43.0,,05.20/C5/05.20 C5 IC ramp 43.atf,05.20 C5 IC ramp 43.atf
294,C13,2024-05-20,IC,sin,25.0,,05.20/C5/05.20 C5 IC sin 25.atf,05.20 C5 IC sin 25.atf
295,C13,2024-05-20,IC,sin,34.0,,05.20/C5/05.20 C5 IC sin 34.atf,05.20 C5 IC sin 34.atf
296,C13,2024-05-20,IC,sin,40.0,,05.20/C5/05.20 C5 IC sin 40.atf,05.20 C5 IC sin 40.atf
297,C13,2024-05-20,VC,ramp,25.0,,05.20/C5/05.20 C5 VC ramp 25.atf,05.20 C5 VC ramp 25.atf
298,C13,2024-05-20,VC,ramp,28.0,,05.20/C5/05.20 C5 VC ramp 28.atf,05.20 C5 VC ramp 28.atf
299,C13,2024-05-20,VC,ramp,31.0,,05.20/C5/05.20 C5 VC ramp 31.atf,05.20 C5 VC ramp 31.atf
300,C13,2024-05-20,VC,ramp,34.0,,05.20/C5/05.20 C5 VC ramp 34.atf,05.20 C5 VC ramp 34.atf
301,C13,2024-05-20,VC,ramp,37.0,,05.20/C5/05.20 C5 VC ramp 37.atf,05.20 C5 VC ramp 37.atf
302,C13,2024-05-20,VC,ramp,40.0,,05.20/C5/05.20 C5 VC ramp 40.atf,05.20 C5 VC ramp 40.atf
303,C13,2024-05-20,VC,ramp,43.0,,05.20/C5/05.20 C5 VC ramp 43.atf,05.20 C5 VC ramp 43.atf
304,C13,2024-05-20,,,33.0,,05.20/C5/2024_05_20_0033.abf,2024_05_20_0033.abf
305,C13,2024-05-20,,,34.0,,05.20/C5/2024_05_20_0034.abf,2024_05_20_0034.abf
306,C13,2024-05-20,,,35.0,,05.20/C5/2024_05_20_0035.abf,2024_05_20_0035.abf
307,C13,2024-05-20,,,36.0,,05.20/C5/2024_05_20_0036.abf,2024_05_20_0036.abf
308,C13,2024-05-20,,,37.0,,05.20/C5/2024_05_20_0037.abf,2024_05_20_0037.abf
309,C13,2024-05-20,,,38.0,,05.20/C5/2024_05_20_0038.abf,2024_05_20_0038.abf
310,C13,2024-05-20,,,39.0,,05.20/C5/2024_05_20_0039.abf,2024_05_20_0039.abf
311,C13,2024-05-20,,,40.0,,05.20/C5/2024_05_20_0040.abf,2024_05_20_0040.abf
312,C13,2024-05-20,,,41.0,,05.20/C5/2024_05_20_0041.abf,2024_05_20_0041.abf
313,C13,2024-05-20,,,42.0,,05.20/C5/2024_05_20_0042.abf,2024_05_20_0042.abf
314,C13,2024-05-20,,,43.0,,05.20/C5/2024_05_20_0043.abf,2024_05_20_0043.abf
315,C13,2024-05-20,,,44.0,,05.20/C5/2024_05_20_0044.abf,2024_05_20_0044.abf
316,C13,2024-05-20,,,45.0,,05.20/C5/2024_05_20_0045.abf,2024_05_20_0045.abf
317,C13,2024-05-20,,,46.0,,05.20/C5/2024_05_20_0046.abf,2024_05_20_0046.abf
318,C13,2024-05-20,,,47.0,,05.20/C5/2024_05_20_0047.abf,2024_05_20_0047.abf
319,C13,2024-05-20,,,48.0,,05.20/C5/2024_05_20_0048.abf,2024_05_20_0048.abf
320,C13,2024-05-20,,,49.0,,05.20/C5/2024_05_20_0049.abf,2024_05_20_0049.abf
321,C13,2024-05-20,,,50.0,,05.20/C5/2024_05_20_0050.abf,2024_05_20_0050.abf
322,C14,2024-05-23,IC,ramp,25.0,,05.23/C1/05.23 C1 IC ramp 25.atf,05.23 C1 IC ramp 25.atf
323,C14,2024-05-23,IC,ramp,28.0,,05.23/C1/05.23 C1 IC ramp 28.atf,05.23 C1 IC ramp 28.atf
324,C14,2024-05-23,IC,ramp,31.0,,05.23/C1/05.23 C1 IC ramp 31.atf,05.23 C1 IC ramp 31.atf
325,C14,2024-05-23,IC,ramp,34.0,,05.23/C1/05.23 C1 IC ramp 34.atf,05.23 C1 IC ramp 34.atf
326,C14,2024-05-23,IC,ramp,37.0,,05.23/C1/05.23 C1 IC ramp 37.atf,05.23 C1 IC ramp 37.atf
327,C14,2024-05-23,IC,ramp,40.0,,05.23/C1/05.23 C1 IC ramp 40.atf,05.23 C1 IC ramp 40.atf
328,C14,2024-05-23,IC,sin,25.0,,05.23/C1/05.23 C1 IC sin 25.atf,05.23 C1 IC sin 25.atf
329,C14,2024-05-23,IC,sin,34.0,,05.23/C1/05.23 C1 IC sin 34.atf,05.23 C1 IC sin 34.atf
330,C14,2024-05-23,IC,sin,40.0,,05.23/C1/05.23 C1 IC sin 40.atf,05.23 C1 IC sin 40.atf
331,C14,2024-05-23,VC,ramp,25.0,,05.23/C1/05.23 C1 VC ramp 25.atf,05.23 C1 VC ramp 25.atf
332,C14,2024-05-23,VC,ramp,28.0,,05.23/C1/05.23 C1 VC ramp 28.atf,05.23 C1 VC ramp 28.atf
333,C14,2024-05-23,VC,ramp,31.0,,05.23/C1/05.23 C1 VC ramp 31.atf,05.23 C1 VC ramp 31.atf
334,C14,2024-05-23,VC,ramp,34.0,,05.23/C1/05.23 C1 VC ramp 34.atf,05.23 C1 VC ramp 34.atf
335,C14,2024-05-23,VC,ramp,37.0,,05.23/C1/05.23 C1 VC ramp 37.atf,05.23 C1 VC ramp 37.atf
336,C14,2024-05-23,VC,ramp,40.0,,05.23/C1/05.23 C1 VC ramp 40.atf,05.23 C1 VC ramp 40.atf
337,C14,2024-05-23,,,0.0,,05.23/C1/2024_05_23_0000.abf,2024_05_23_0000.abf
338,C14,2024-05-23,,,1.0,,05.23/C1/2024_05_23_0001.abf,2024_05_23_0001.abf
339,C14,2024-05-23,,,2.0,,05.23/C1/2024_05_23_0002.abf,2024_05_23_0002.abf
340,C14,2024-05-23,,,3.0,,05.23/C1/2024_05_23_0003.abf,2024_05_23_0003.abf
341,C14,2024-05-23,,,4.0,,05.23/C1/2024_05_23_0004.abf,2024_05_23_0004.abf
342,C14,2024-05-23,,,5.0,,05.23/C1/2024_05_23_0005.abf,2024_05_23_0005.abf
343,C14,2024-05-23,,,6.0,,05.23/C1/2024_05_23_0006.abf,2024_05_23_0006.abf
344,C14,2024-05-23,,,7.0,,05.23/C1/2024_05_23_0007.abf,2024_05_23_0007.abf
345,C14,2024-05-23,,,8.0,,05.23/C1/2024_05_23_0008.abf,2024_05_23_0008.abf
346,C14,2024-05-23,,,9.0,,05.23/C1/2024_05_23_0009.abf,2024_05_23_0009.abf
347,C14,2024-05-23,,,10.0,,05.23/C1/2024_05_23_0010.abf,2024_05_23_0010.abf
348,C14,2024-05-23,,,11.0,,05.23/C1/2024_05_23_0011.abf,2024_05_23_0011.abf
349,C14,2024-05-23,,,12.0,,05.23/C1/2024_05_23_0012.abf,2024_05_23_0012.abf
350,C14,2024-05-23,,,13.0,,05.23/C1/2024_05_23_0013.abf,2024_05_23_0013.abf
351,C14,2024-05-23,,,14.0,,05.23/C1/2024_05_23_0014.abf,2024_05_23_0014.abf
352,C14,2024-05-23,,,15.0,,05.23/C1/2024_05_23_0015.abf,2024_05_23_0015.abf
353,C15,2024-05-23,IC,ramp,25.0,,05.23/C2/05.23 C2 IC ramp 25.atf,05.23 C2 IC ramp 25.atf
354,C15,2024-05-23,IC,ramp,28.0,,05.23/C2/05.23 C2 IC ramp 28.atf,05.23 C2 IC ramp 28.atf
355,C15,2024-05-23,IC,ramp,31.0,,05.23/C2/05.23 C2 IC ramp 31.atf,05.23 C2 IC ramp 31.atf
356,C15,2024-05-23,IC,ramp,34.0,,05.23/C2/05.23 C2 IC ramp 34.atf,05.23 C2 IC ramp 34.atf
357,C15,2024-05-23,IC,ramp,37.0,,05.23/C2/05.23 C2 IC ramp 37.atf,05.23 C2 IC ramp 37.atf
358,C15,2024-05-23,IC,ramp,40.0,,05.23/C2/05.23 C2 IC ramp 40.atf,05.23 C2 IC ramp 40.atf
359,C15,2024-05-23,IC,ramp,43.0,,05.23/C2/05.23 C2 IC ramp 43.atf,05.23 C2 IC ramp 43.atf
360,C15,2024-05-23,IC,sin,25.0,,05.23/C2/05.23 C2 IC sin 25.atf,05.23 C2 IC sin 25.atf
361,C15,2024-05-23,IC,sin,34.0,,05.23/C2/05.23 C2 IC sin 34.atf,05.23 C2 IC sin 34.atf
362,C15,2024-05-23,VC,ramp,25.0,,05.23/C2/05.23 C2 VC ramp 25.atf,05.23 C2 VC ramp 25.atf
363,C15,2024-05-23,VC,ramp,28.0,,05.23/C2/05.23 C2 VC ramp 28.atf,05.23 C2 VC ramp 28.atf
364,C15,2024-05-23,VC,ramp,31.0,,05.23/C2/05.23 C2 VC ramp 31.atf,05.23 C2 VC ramp 31.atf
365,C15,2024-05-23,VC,ramp,34.0,,05.23/C2/05.23 C2 VC ramp 34.atf,05.23 C2 VC ramp 34.atf
366,C15,2024-05-23,VC,ramp,37.0,,05.23/C2/05.23 C2 VC ramp 37.atf,05.23 C2 VC ramp 37.atf
367,C15,2024-05-23,VC,ramp,40.0,,05.23/C2/05.23 C2 VC ramp 40.atf,05.23 C2 VC ramp 40.atf
368,C15,2024-05-23,VC,ramp,43.0,,05.23/C2/05.23 C2 VC ramp 43.atf,05.23 C2 VC ramp 43.atf
369,C15,2024-05-23,,,16.0,,05.23/C2/2024_05_23_0016.abf,2024_05_23_0016.abf
370,C15,2024-05-23,,,17.0,,05.23/C2/2024_05_23_0017.abf,2024_05_23_0017.abf
371,C15,2024-05-23,,,18.0,,05.23/C2/2024_05_23_0018.abf,2024_05_23_0018.abf
372,C15,2024-05-23,,,19.0,,05.23/C2/2024_05_23_0019.abf,2024_05_23_0019.abf
373,C15,2024-05-23,,,20.0,,05.23/C2/2024_05_23_0020.abf,2024_05_23_0020.abf
375,C15,2024-05-23,,,21.0,,05.23/C2/2024_05_23_0021.abf,2024_05_23_0021.abf
376,C15,2024-05-23,,,22.0,,05.23/C2/2024_05_23_0022.abf,2024_05_23_0022.abf
377,C15,2024-05-23,,,23.0,,05.23/C2/2024_05_23_0023.abf,2024_05_23_0023.abf
378,C15,2024-05-23,,,24.0,,05.23/C2/2024_05_23_0024.abf,2024_05_23_0024.abf
379,C15,2024-05-23,,,25.0,,05.23/C2/2024_05_23_0025.abf,2024_05_23_0025.abf
380,C15,2024-05-23,,,26.0,,05.23/C2/2024_05_23_0026.abf,2024_05_23_0026.abf
381,C15,2024-05-23,,,27.0,,05.23/C2/2024_05_23_0027.abf,2024_05_23_0027.abf
382,C15,2024-05-23,,,28.0,,05.23/C2/2024_05_23_0028.abf,2024_05_23_0028.abf
383,C15,2024-05-23,,,29.0,,05.23/C2/2024_05_23_0029.abf,2024_05_23_0029.abf
384,C15,2024-05-23,,,30.0,,05.23/C2/2024_05_23_0030.abf,2024_05_23_0030.abf
385,C15,2024-05-23,,,31.0,,05.23/C2/2024_05_23_0031.abf,2024_05_23_0031.abf
386,C15,2024-05-23,,,32.0,,05.23/C2/2024_05_23_0032.abf,2024_05_23_0032.abf
387,C15,2024-05-23,,,33.0,,05.23/C2/2024_05_23_0033.abf,2024_05_23_0033.abf
388,C15,2024-05-23,,,34.0,,05.23/C2/2024_05_23_0034.abf,2024_05_23_0034.abf
389,C15,2024-05-23,,,35.0,,05.23/C2/2024_05_23_0035.abf,2024_05_23_0035.abf
390,C15,2024-05-23,,,36.0,,05.23/C2/2024_05_23_0036.abf,2024_05_23_0036.abf
391,C16,2024-05-23,,,37.0,,05.23/C3/2024_05_23_0037.abf,2024_05_23_0037.abf
392,C16,2024-05-23,,,38.0,,05.23/C3/2024_05_23_0038.abf,2024_05_23_0038.abf
393,C16,2024-05-23,,,39.0,,05.23/C3/2024_05_23_0039.abf,2024_05_23_0039.abf
394,C16,2024-05-23,,,40.0,,05.23/C3/2024_05_23_0040.abf,2024_05_23_0040.abf
395,C16,2024-05-23,,,41.0,,05.23/C3/2024_05_23_0041.abf,2024_05_23_0041.abf
396,C16,2024-05-23,,,42.0,,05.23/C3/2024_05_23_0042.abf,2024_05_23_0042.abf
397,C16,2024-05-23,,,43.0,,05.23/C3/2024_05_23_0043.abf,2024_05_23_0043.abf
398,C16,2024-05-23,,,44.0,,05.23/C3/2024_05_23_0044.abf,2024_05_23_0044.abf
399,C16,2024-05-23,,,45.0,,05.23/C3/2024_05_23_0045.abf,2024_05_23_0045.abf
400,C16,2024-05-23,IC,ramp,25.0,,05.23/C3/23.05 C3 IC ramp 25.atf,23.05 C3 IC ramp 25.atf
401,C16,2024-05-23,IC,ramp,28.0,,05.23/C3/23.05 C3 IC ramp 28.atf,23.05 C3 IC ramp 28.atf
402,C16,2024-05-23,IC,ramp,31.0,,05.23/C3/23.05 C3 IC ramp 31.atf,23.05 C3 IC ramp 31.atf
403,C16,2024-05-23,IC,ramp,34.0,,05.23/C3/23.05 C3 IC ramp 34.atf,23.05 C3 IC ramp 34.atf
404,C16,2024-05-23,IC,sin,25.0,,05.23/C3/23.05 C3 IC sin 25.atf,23.05 C3 IC sin 25.atf
405,C16,2024-05-23,VC,ramp,25.0,,05.23/C3/23.05 C3 VC ramp 25.atf,23.05 C3 VC ramp 25.atf
406,C16,2024-05-23,VC,ramp,28.0,,05.23/C3/23.05 C3 VC ramp 28.atf,23.05 C3 VC ramp 28.atf
407,C16,2024-05-23,VC,ramp,31.0,,05.23/C3/23.05 C3 VC ramp 31.atf,23.05 C3 VC ramp 31.atf
408,C17,2024-05-23,IC,ramp,25.0,,05.23/C4/05.23 C4 IC ramp 25.atf,05.23 C4 IC ramp 25.atf
409,C17,2024-05-23,IC,ramp,28.0,,05.23/C4/05.23 C4 IC ramp 28.atf,05.23 C4 IC ramp 28.atf
410,C17,2024-05-23,IC,ramp,31.0,,05.23/C4/05.23 C4 IC ramp 31.atf,05.23 C4 IC ramp 31.atf
411,C17,2024-05-23,IC,ramp,34.0,,05.23/C4/05.23 C4 IC ramp 34.atf,05.23 C4 IC ramp 34.atf
412,C17,2024-05-23,IC,ramp,37.0,,05.23/C4/05.23 C4 IC ramp 37.atf,05.23 C4 IC ramp 37.atf
413,C17,2024-05-23,IC,ramp,40.0,,05.23/C4/05.23 C4 IC ramp 40.atf,05.23 C4 IC ramp 40.atf
414,C17,2024-05-23,IC,ramp,43.0,,05.23/C4/05.23 C4 IC ramp 43.atf,05.23 C4 IC ramp 43.atf
415,C17,2024-05-23,IC,sin,25.0,,05.23/C4/05.23 C4 IC sin 25.atf,05.23 C4 IC sin 25.atf
416,C17,2024-05-23,IC,sin,34.0,,05.23/C4/05.23 C4 IC sin 34.atf,05.23 C4 IC sin 34.atf
417,C17,2024-05-23,IC,sin,40.0,,05.23/C4/05.23 C4 IC sin 40.atf,05.23 C4 IC sin 40.atf
418,C17,2024-05-23,VC,ramp,25.0,,05.23/C4/05.23 C4 VC ramp 25.atf,05.23 C4 VC ramp 25.atf
419,C17,2024-05-23,VC,ramp,28.0,,05.23/C4/05.23 C4 VC ramp 28.atf,05.23 C4 VC ramp 28.atf
420,C17,2024-05-23,VC,ramp,31.0,,05.23/C4/05.23 C4 VC ramp 31.atf,05.23 C4 VC ramp 31.atf
421,C17,2024-05-23,VC,ramp,34.0,,05.23/C4/05.23 C4 VC ramp 34.atf,05.23 C4 VC ramp 34.atf
422,C17,2024-05-23,VC,ramp,37.0,,05.23/C4/05.23 C4 VC ramp 37.atf,05.23 C4 VC ramp 37.atf
423,C17,2024-05-23,VC,ramp,40.0,,05.23/C4/05.23 C4 VC ramp 40.atf,05.23 C4 VC ramp 40.atf
424,C17,2024-05-23,VC,ramp,43.0,,05.23/C4/05.23 C4 VC ramp 43.atf,05.23 C4 VC ramp 43.atf
425,C17,2024-05-23,,,46.0,,05.23/C4/2024_05_23_0046.abf,2024_05_23_0046.abf
426,C17,2024-05-23,,,47.0,,05.23/C4/2024_05_23_0047.abf,2024_05_23_0047.abf
427,C17,2024-05-23,,,48.0,,05.23/C4/2024_05_23_0048.abf,2024_05_23_0048.abf
428,C17,2024-05-23,,,49.0,,05.23/C4/2024_05_23_0049.abf,2024_05_23_0049.abf
429,C17,2024-05-23,,,50.0,,05.23/C4/2024_05_23_0050.abf,2024_05_23_0050.abf
430,C17,2024-05-23,,,51.0,,05.23/C4/2024_05_23_0051.abf,2024_05_23_0051.abf
431,C17,2024-05-23,,,52.0,,05.23/C4/2024_05_23_0052.abf,2024_05_23_0052.abf
432,C17,2024-05-23,,,53.0,,05.23/C4/2024_05_23_0053.abf,2024_05_23_0053.abf
433,C17,2024-05-23,,,54.0,,05.23/C4/2024_05_23_0054.abf,2024_05_23_0054.abf
434,C17,2024-05-23,,,55.0,,05.23/C4/2024_05_23_0055.abf,2024_05_23_0055.abf
435,C17,2024-05-23,,,56.0,,05.23/C4/2024_05_23_0056.abf,2024_05_23_0056.abf
436,C17,2024-05-23,,,57.0,,05.23/C4/2024_05_23_0057.abf,2024_05_23_0057.abf
437,C17,2024-05-23,,,58.0,,05.23/C4/2024_05_23_0058.abf,2024_05_23_0058.abf
438,C17,2024-05-23,,,59.0,,05.23/C4/2024_05_23_0059.abf,2024_05_23_0059.abf
439,C17,2024-05-23,,,60.0,,05.23/C4/2024_05_23_0060.abf,2024_05_23_0060.abf
440,C17,2024-05-23,,,61.0,,05.23/C4/2024_05_23_0061.abf,2024_05_23_0061.abf
441,C17,2024-05-23,,,62.0,,05.23/C4/2024_05_23_0062.abf,2024_05_23_0062.abf
442,C17,2024-05-23,,,63.0,,05.23/C4/2024_05_23_0063.abf,2024_05_23_0063.abf
443,C17,2024-05-23,,,64.0,,05.23/C4/2024_05_23_0064.abf,2024_05_23_0064.abf
444,C17,2024-05-23,,,65.0,,05.23/C4/2024_05_23_0065.abf,2024_05_23_0065.abf
445,C17,2024-05-23,,,66.0,,05.23/C4/2024_05_23_0066.abf,2024_05_23_0066.abf
446,C17,2024-05-23,,,67.0,,05.23/C4/2024_05_23_0067.abf,2024_05_23_0067.abf
447,C17,2024-05-23,,,68.0,,05.23/C4/2024_05_23_0068.abf,2024_05_23_0068.abf
448,C17,2024-05-23,,,69.0,,05.23/C4/2024_05_23_0069.abf,2024_05_23_0069.abf
449,C18,2024-05-29,IC,ramp,25.0,,05.29/C1/05.29 C1 IC ramp 25.atf,05.29 C1 IC ramp 25.atf
450,C18,2024-05-29,IC,ramp,28.0,,05.29/C1/05.29 C1 IC ramp 28.atf,05.29 C1 IC ramp 28.atf
451,C18,2024-05-29,IC,ramp,31.0,,05.29/C1/05.29 C1 IC ramp 31.atf,05.29 C1 IC ramp 31.atf
452,C18,2024-05-29,IC,ramp,34.0,,05.29/C1/05.29 C1 IC ramp 34.atf,05.29 C1 IC ramp 34.atf
453,C18,2024-05-29,IC,ramp,37.0,,05.29/C1/05.29 C1 IC ramp 37.atf,05.29 C1 IC ramp 37.atf
454,C18,2024-05-29,IC,sin,25.0,,05.29/C1/05.29 C1 IC sin 25.atf,05.29 C1 IC sin 25.atf
455,C18,2024-05-29,IC,sin,34.0,,05.29/C1/05.29 C1 IC sin 34.atf,05.29 C1 IC sin 34.atf
456,C18,2024-05-29,VC,ramp,25.0,,05.29/C1/05.29 C1 VC ramp 25.atf,05.29 C1 VC ramp 25.atf
457,C18,2024-05-29,VC,ramp,28.0,,05.29/C1/05.29 C1 VC ramp 28.atf,05.29 C1 VC ramp 28.atf
458,C18,2024-05-29,VC,ramp,31.0,,05.29/C1/05.29 C1 VC ramp 31.atf,05.29 C1 VC ramp 31.atf
459,C18,2024-05-29,VC,ramp,34.0,,05.29/C1/05.29 C1 VC ramp 34.atf,05.29 C1 VC ramp 34.atf
460,C18,2024-05-29,VC,ramp,37.0,,05.29/C1/05.29 C1 VC ramp 37.atf,05.29 C1 VC ramp 37.atf
461,C18,2024-05-29,,,0.0,,05.29/C1/2024_05_29_0000.abf,2024_05_29_0000.abf
462,C18,2024-05-29,,,1.0,,05.29/C1/2024_05_29_0001.abf,2024_05_29_0001.abf
463,C18,2024-05-29,,,2.0,,05.29/C1/2024_05_29_0002.abf,2024_05_29_0002.abf
464,C18,2024-05-29,,,3.0,,05.29/C1/2024_05_29_0003.abf,2024_05_29_0003.abf
465,C18,2024-05-29,,,4.0,,05.29/C1/2024_05_29_0004.abf,2024_05_29_0004.abf
466,C18,2024-05-29,,,5.0,,05.29/C1/2024_05_29_0005.abf,2024_05_29_0005.abf
467,C18,2024-05-29,,,6.0,,05.29/C1/2024_05_29_0006.abf,2024_05_29_0006.abf
468,C18,2024-05-29,,,7.0,,05.29/C1/2024_05_29_0007.abf,2024_05_29_0007.abf
469,C18,2024-05-29,,,8.0,,05.29/C1/2024_05_29_0008.abf,2024_05_29_0008.abf
470,C18,2024-05-29,,,9.0,,05.29/C1/2024_05_29_0009.abf,2024_05_29_0009.abf
471,C18,2024-05-29,,,10.0,,05.29/C1/2024_05_29_0010.abf,2024_05_29_0010.abf
472,C18,2024-05-29,,,11.0,,05.29/C1/2024_05_29_0011.abf,2024_05_29_0011.abf
473,C18,2024-05-29,,,12.0,,05.29/C1/2024_05_29_0012.abf,2024_05_29_0012.abf
474,C18,2024-05-29,,,13.0,,05.29/C1/2024_05_29_0013.abf,2024_05_29_0013.abf
475,C18,2024-05-29,,,14.0,,05.29/C1/2024_05_29_0014.abf,2024_05_29_0014.abf
476,C19,2024-05-29,DC,,25.0,(2),05.29/C2/05.29 C2 Dynamic clamp (2) 25.atf,05.29 C2 Dynamic clamp (2) 25.atf
477,C19,2024-05-29,DC,,25.0,,05.29/C2/05.29 C2 Dynamic clamp 25.atf,05.29 C2 Dynamic clamp 25.atf
478,C19,2024-05-29,DC,,34.0,,05.29/C2/05.29 C2 Dynamic clamp 34.atf,05.29 C2 Dynamic clamp 34.atf
479,C19,2024-05-29,IC,ramp,25.0,,05.29/C2/05.29 C2 IC ramp 25.atf,05.29 C2 IC ramp 25.atf
480,C19,2024-05-29,IC,ramp,28.0,,05.29/C2/05.29 C2 IC ramp 28.atf,05.29 C2 IC ramp 28.atf
481,C19,2024-05-29,IC,ramp,31.0,,05.29/C2/05.29 C2 IC ramp 31.atf,05.29 C2 IC ramp 31.atf
482,C19,2024-05-29,IC,ramp,34.0,,05.29/C2/05.29 C2 IC ramp 34.atf,05.29 C2 IC ramp 34.atf
483,C19,2024-05-29,IC,ramp,37.0,,05.29/C2/05.29 C2 IC ramp 37.atf,05.29 C2 IC ramp 37.atf
484,C19,2024-05-29,IC,sin,25.0,,05.29/C2/05.29 C2 IC sin 25.atf,05.29 C2 IC sin 25.atf
485,C19,2024-05-29,IC,sin,34.0,,05.29/C2/05.29 C2 IC sin 34.atf,05.29 C2 IC sin 34.atf
486,C19,2024-05-29,VC,ramp,25.0,,05.29/C2/05.29 C2 VC ramp 25.atf,05.29 C2 VC ramp 25.atf
487,C19,2024-05-29,VC,ramp,28.0,,05.29/C2/05.29 C2 VC ramp 28.atf,05.29 C2 VC ramp 28.atf
488,C19,2024-05-29,VC,ramp,31.0,,05.29/C2/05.29 C2 VC ramp 31.atf,05.29 C2 VC ramp 31.atf
489,C19,2024-05-29,VC,ramp,34.0,,05.29/C2/05.29 C2 VC ramp 34.atf,05.29 C2 VC ramp 34.atf
490,C19,2024-05-29,,,15.0,,05.29/C2/2024_05_29_0015.abf,2024_05_29_0015.abf
491,C19,2024-05-29,,,16.0,,05.29/C2/2024_05_29_0016.abf,2024_05_29_0016.abf
492,C19,2024-05-29,,,17.0,,05.29/C2/2024_05_29_0017.abf,2024_05_29_0017.abf
493,C19,2024-05-29,,,18.0,,05.29/C2/2024_05_29_0018.abf,2024_05_29_0018.abf
494,C19,2024-05-29,,,19.0,,05.29/C2/2024_05_29_0019.abf,2024_05_29_0019.abf
495,C19,2024-05-29,,,20.0,,05.29/C2/2024_05_29_0020.abf,2024_05_29_0020.abf
496,C19,2024-05-29,,,21.0,,05.29/C2/2024_05_29_0021.abf,2024_05_29_0021.abf
497,C19,2024-05-29,,,22.0,,05.29/C2/2024_05_29_0022.abf,2024_05_29_0022.abf
498,C19,2024-05-29,,,23.0,,05.29/C2/2024_05_29_0023.abf,2024_05_29_0023.abf
499,C19,2024-05-29,,,24.0,,05.29/C2/2024_05_29_0024.abf,2024_05_29_0024.abf
500,C19,2024-05-29,,,25.0,,05.29/C2/2024_05_29_0025.abf,2024_05_29_0025.abf
501,C19,2024-05-29,,,26.0,,05.29/C2/2024_05_29_0026.abf,2024_05_29_0026.abf
502,C19,2024-05-29,,,27.0,,05.29/C2/2024_05_29_0027.abf,2024_05_29_0027.abf
503,C19,2024-05-29,,,28.0,,05.29/C2/2024_05_29_0028.abf,2024_05_29_0028.abf
504,C19,2024-05-29,,,29.0,,05.29/C2/2024_05_29_0029.abf,2024_05_29_0029.abf
505,C19,2024-05-29,,,30.0,,05.29/C2/2024_05_29_0030.abf,2024_05_29_0030.abf
506,C19,2024-05-29,,,31.0,,05.29/C2/2024_05_29_0031.abf,2024_05_29_0031.abf
507,C19,2024-05-29,,,32.0,,05.29/C2/2024_05_29_0032.abf,2024_05_29_0032.abf
508,C20,2024-05-29,,,33.0,immature,05.29/C3 immature/2024_05_29_0033.abf,2024_05_29_0033.abf
509,C20,2024-05-29,,,34.0,immature,05.29/C3 immature/2024_05_29_0034.abf,2024_05_29_0034.abf
510,C20,2024-05-29,,,35.0,immature,05.29/C3 immature/2024_05_29_0035.abf,2024_05_29_0035.abf
511,C20,2024-05-29,,,36.0,immature,05.29/C3 immature/2024_05_29_0036.abf,2024_05_29_0036.abf
512,C21,2024-05-30,,,1.0,,05.30/C1/2024_05_30_0001.abf,2024_05_30_0001.abf
515,C21,2024-05-30,,,2.0,,05.30/C1/2024_05_30_0002.abf,2024_05_30_0002.abf
516,C21,2024-05-30,,,3.0,,05.30/C1/2024_05_30_0003.abf,2024_05_30_0003.abf
517,C21,2024-05-30,,,4.0,,05.30/C1/2024_05_30_0004.abf,2024_05_30_0004.abf
518,C21,2024-05-30,,,5.0,,05.30/C1/2024_05_30_0005.abf,2024_05_30_0005.abf
519,C21,2024-05-30,,,6.0,,05.30/C1/2024_05_30_0006.abf,2024_05_30_0006.abf
520,C21,2024-05-30,,,7.0,,05.30/C1/2024_05_30_0007.abf,2024_05_30_0007.abf
521,C21,2024-05-30,,,8.0,,05.30/C1/2024_05_30_0008.abf,2024_05_30_0008.abf
522,C21,2024-05-30,,,9.0,,05.30/C1/2024_05_30_0009.abf,2024_05_30_0009.abf
523,C21,2024-05-30,,,10.0,,05.30/C1/2024_05_30_0010.abf,2024_05_30_0010.abf
526,C21,2024-05-30,,,11.0,,05.30/C1/2024_05_30_0011.abf,2024_05_30_0011.abf
527,C21,2024-05-30,,,12.0,,05.30/C1/2024_05_30_0012.abf,2024_05_30_0012.abf
528,C21,2024-05-30,,,13.0,,05.30/C1/2024_05_30_0013.abf,2024_05_30_0013.abf
529,C21,2024-05-30,,,14.0,,05.30/C1/2024_05_30_0014.abf,2024_05_30_0014.abf
530,C21,2024-05-30,,,15.0,,05.30/C1/2024_05_30_0015.abf,2024_05_30_0015.abf
531,C21,2024-05-30,,,16.0,,05.30/C1/2024_05_30_0016.abf,2024_05_30_0016.abf
532,C21,2024-05-30,,,17.0,,05.30/C1/2024_05_30_0017.abf,2024_05_30_0017.abf
535,C21,2024-05-30,,,18.0,,05.30/C1/2024_05_30_0018.abf,2024_05_30_0018.abf
536,C21,2024-05-30,,,19.0,,05.30/C1/2024_05_30_0019.abf,2024_05_30_0019.abf
537,C21,2024-05-30,,,20.0,,05.30/C1/2024_05_30_0020.abf,2024_05_30_0020.abf
538,C21,2024-05-30,,,21.0,,05.30/C1/2024_05_30_0021.abf,2024_05_30_0021.abf
539,C21,2024-05-30,,,22.0,,05.30/C1/2024_05_30_0022.abf,2024_05_30_0022.abf
540,C21,2024-05-30,DC,,25.0,,05.30/C1/30.05 C1 Dynamic clamp 25.atf,30.05 C1 Dynamic clamp 25.atf
541,C21,2024-05-30,DC,,34.0,,05.30/C1/30.05 C1 Dynamic clamp 34.atf,30.05 C1 Dynamic clamp 34.atf
542,C21,2024-05-30,IC,ramp,25.0,,05.30/C1/30.05 C1 IC ramp 25.atf,30.05 C1 IC ramp 25.atf
543,C21,2024-05-30,IC,ramp,28.0,,05.30/C1/30.05 C1 IC ramp 28.atf,30.05 C1 IC ramp 28.atf
544,C21,2024-05-30,IC,ramp,31.0,,05.30/C1/30.05 C1 IC ramp 31.atf,30.05 C1 IC ramp 31.atf
545,C21,2024-05-30,IC,ramp,34.0,,05.30/C1/30.05 C1 IC ramp 34.atf,30.05 C1 IC ramp 34.atf
546,C21,2024-05-30,IC,ramp,37.0,,05.30/C1/30.05 C1 IC ramp 37.atf,30.05 C1 IC ramp 37.atf
547,C21,2024-05-30,IC,ramp,40.0,,05.30/C1/30.05 C1 IC ramp 40.atf,30.05 C1 IC ramp 40.atf
548,C21,2024-05-30,IC,sin,25.0,,05.30/C1/30.05 C1 IC sin 25.atf,30.05 C1 IC sin 25.atf
549,C21,2024-05-30,IC,sin,34.0,,05.30/C1/30.05 C1 IC sin 34.atf,30.05 C1 IC sin 34.atf
550,C21,2024-05-30,VC,ramp,25.0,,05.30/C1/30.05 C1 VC ramp 25.atf,30.05 C1 VC ramp 25.atf
551,C21,2024-05-30,VC,ramp,28.0,,05.30/C1/30.05 C1 VC ramp 28.atf,30.05 C1 VC ramp 28.atf
552,C21,2024-05-30,VC,ramp,31.0,,05.30/C1/30.05 C1 VC ramp 31.atf,30.05 C1 VC ramp 31.atf
553,C21,2024-05-30,VC,ramp,34.0,,05.30/C1/30.05 C1 VC ramp 34.atf,30.05 C1 VC ramp 34.atf
554,C21,2024-05-30,VC,ramp,37.0,,05.30/C1/30.05 C1 VC ramp 37.atf,30.05 C1 VC ramp 37.atf
555,C21,2024-05-30,VC,ramp,40.0,,05.30/C1/30.05 C1 VC ramp 40.atf,30.05 C1 VC ramp 40.atf
556,C22,2024-05-30,DC,,25.0,,05.30/C2/05.30 C2 Dynamic clamp 25.atf,05.30 C2 Dynamic clamp 25.atf
557,C22,2024-05-30,DC,,34.0,,05.30/C2/05.30 C2 Dynamic clamp 34.atf,05.30 C2 Dynamic clamp 34.atf
558,C22,2024-05-30,IC,ramp,25.0,,05.30/C2/05.30 C2 IC ramp 25.atf,05.30 C2 IC ramp 25.atf
559,C22,2024-05-30,IC,ramp,28.0,,05.30/C2/05.30 C2 IC ramp 28.atf,05.30 C2 IC ramp 28.atf
560,C22,2024-05-30,IC,ramp,31.0,,05.30/C2/05.30 C2 IC ramp 31.atf,05.30 C2 IC ramp 31.atf
561,C22,2024-05-30,IC,ramp,34.0,,05.30/C2/05.30 C2 IC ramp 34.atf,05.30 C2 IC ramp 34.atf
562,C22,2024-05-30,IC,ramp,37.0,,05.30/C2/05.30 C2 IC ramp 37.atf,05.30 C2 IC ramp 37.atf
563,C22,2024-05-30,IC,sin,25.0,,05.30/C2/05.30 C2 IC sin 25.atf,05.30 C2 IC sin 25.atf
564,C22,2024-05-30,IC,sin,34.0,,05.30/C2/05.30 C2 IC sin 34.atf,05.30 C2 IC sin 34.atf
565,C22,2024-05-30,VC,ramp,25.0,,05.30/C2/05.30 C2 VC ramp 25.atf,05.30 C2 VC ramp 25.atf
566,C22,2024-05-30,VC,ramp,28.0,,05.30/C2/05.30 C2 VC ramp 28.atf,05.30 C2 VC ramp 28.atf
567,C22,2024-05-30,VC,ramp,31.0,,05.30/C2/05.30 C2 VC ramp 31.atf,05.30 C2 VC ramp 31.atf
568,C22,2024-05-30,VC,ramp,34.0,,05.30/C2/05.30 C2 VC ramp 34.atf,05.30 C2 VC ramp 34.atf
569,C22,2024-05-30,VC,ramp,37.0,,05.30/C2/05.30 C2 VC ramp 37.atf,05.30 C2 VC ramp 37.atf
570,C22,2024-05-30,,,23.0,,05.30/C2/2024_05_30_0023.abf,2024_05_30_0023.abf
572,C22,2024-05-30,,,24.0,,05.30/C2/2024_05_30_0024.abf,2024_05_30_0024.abf
573,C22,2024-05-30,,,25.0,,05.30/C2/2024_05_30_0025.abf,2024_05_30_0025.abf
574,C22,2024-05-30,,,26.0,,05.30/C2/2024_05_30_0026.abf,2024_05_30_0026.abf
575,C22,2024-05-30,,,27.0,,05.30/C2/2024_05_30_0027.abf,2024_05_30_0027.abf
576,C22,2024-05-30,,,28.0,,05.30/C2/2024_05_30_0028.abf,2024_05_30_0028.abf
577,C22,2024-05-30,,,29.0,,05.30/C2/2024_05_30_0029.abf,2024_05_30_0029.abf
578,C22,2024-05-30,,,30.0,,05.30/C2/2024_05_30_0030.abf,2024_05_30_0030.abf
579,C22,2024-05-30,,,31.0,,05.30/C2/2024_05_30_0031.abf,2024_05_30_0031.abf
580,C22,2024-05-30,,,32.0,,05.30/C2/2024_05_30_0032.abf,2024_05_30_0032.abf
581,C22,2024-05-30,,,33.0,,05.30/C2/2024_05_30_0033.abf,2024_05_30_0033.abf
582,C22,2024-05-30,,,34.0,,05.30/C2/2024_05_30_0034.abf,2024_05_30_0034.abf
583,C22,2024-05-30,,,35.0,,05.30/C2/2024_05_30_0035.abf,2024_05_30_0035.abf
584,C22,2024-05-30,,,36.0,,05.30/C2/2024_05_30_0036.abf,2024_05_30_0036.abf
585,C22,2024-05-30,,,37.0,,05.30/C2/2024_05_30_0037.abf,2024_05_30_0037.abf
586,C22,2024-05-30,,,38.0,,05.30/C2/2024_05_30_0038.abf,2024_05_30_0038.abf
587,C23,2024-06-19,IC,steps,25.0,,06.19/C1/2024_06_19_0000 IC steps 25.abf,2024_06_19_0000 IC steps 25.abf
588,C23,2024-06-19,IC,ramp,25.0,,06.19/C1/2024_06_19_0001 IC ramp 25.abf,2024_06_19_0001 IC ramp 25.abf
589,C23,2024-06-19,IC,sin,25.0,,06.19/C1/2024_06_19_0002 IC sin 25.abf,2024_06_19_0002 IC sin 25.abf
590,C23,2024-06-19,VC,ramp,25.0,,06.19/C1/2024_06_19_0003 VC ramp 25.abf,2024_06_19_0003 VC ramp 25.abf
591,C23,2024-06-19,DC,,25.0,,06.19/C1/2024_06_19_0004 25 DC.abf,2024_06_19_0004 25 DC.abf
592,C23,2024-06-19,IC,ramp,28.0,,06.19/C1/2024_06_19_0005 IC ramp 28.abf,2024_06_19_0005 IC ramp 28.abf
593,C23,2024-06-19,VC,ramp,28.0,,06.19/C1/2024_06_19_0006 VC ramp 28.abf,2024_06_19_0006 VC ramp 28.abf
594,C23,2024-06-19,IC,ramp,31.0,,06.19/C1/2024_06_19_0007 IC ramp 31.abf,2024_06_19_0007 IC ramp 31.abf
595,C23,2024-06-19,VC,ramp,31.0,,06.19/C1/2024_06_19_0008 VC ramp 31.abf,2024_06_19_0008 VC ramp 31.abf
596,C23,2024-06-19,IC,steps,34.0,,06.19/C1/2024_06_19_0009 IC steps 34.abf,2024_06_19_0009 IC steps 34.abf
597,C23,2024-06-19,IC,ramp,34.0,,06.19/C1/2024_06_19_0010 IC ramp 34.abf,2024_06_19_0010 IC ramp 34.abf
598,C23,2024-06-19,IC,sin,34.0,,06.19/C1/2024_06_19_0011 IC sin 34.abf,2024_06_19_0011 IC sin 34.abf
599,C23,2024-06-19,VC,ramp,34.0,,06.19/C1/2024_06_19_0012 VC ramp 34.abf,2024_06_19_0012 VC ramp 34.abf
600,C23,2024-06-19,,,13.0,,06.19/C1/2024_06_19_0013.abf,2024_06_19_0013.abf
601,C24,2024-06-19,IC,steps,25.0,,06.19/C2/2024_06_19_0014 IC steps 25.abf,2024_06_19_0014 IC steps 25.abf
602,C24,2024-06-19,IC,ramp,25.0,,06.19/C2/2024_06_19_0015 IC ramp 25.abf,2024_06_19_0015 IC ramp 25.abf
603,C24,2024-06-19,IC,sin,25.0,,06.19/C2/2024_06_19_0016 IC sin 25.abf,2024_06_19_0016 IC sin 25.abf
604,C24,2024-06-19,VC,ramp,25.0,,06.19/C2/2024_06_19_0017 VC ramp 25.abf,2024_06_19_0017 VC ramp 25.abf
605,C24,2024-06-19,DC,,25.0,,06.19/C2/2024_06_19_0018 25 DC.abf,2024_06_19_0018 25 DC.abf
606,C24,2024-06-19,DC,,25.0,,06.19/C2/2024_06_19_0019 25 DC.abf,2024_06_19_0019 25 DC.abf
607,C24,2024-06-19,IC,ramp,28.0,,06.19/C2/2024_06_19_0020 IC ramp 28.abf,2024_06_19_0020 IC ramp 28.abf
608,C24,2024-06-19,VC,ramp,28.0,,06.19/C2/2024_06_19_0021 VC ramp 28.abf,2024_06_19_0021 VC ramp 28.abf
609,C24,2024-06-19,IC,ramp,31.0,,06.19/C2/2024_06_19_0022 IC ramp 31.abf,2024_06_19_0022 IC ramp 31.abf
610,C24,2024-06-19,VC,ramp,31.0,,06.19/C2/2024_06_19_0023 VC ramp 31.abf,2024_06_19_0023 VC ramp 31.abf
611,C25,2024-06-26,IC,steps,25.0,,06.26/C1/2024_06_26_0000 IC steps 25.abf,2024_06_26_0000 IC steps 25.abf
612,C25,2024-06-26,IC,ramp,25.0,,06.26/C1/2024_06_26_0001 IC ramp 25.abf,2024_06_26_0001 IC ramp 25.abf
613,C25,2024-06-26,IC,sin,25.0,,06.26/C1/2024_06_26_0002 IC sin 25.abf,2024_06_26_0002 IC sin 25.abf
614,C25,2024-06-26,VC,ramp,25.0,,06.26/C1/2024_06_26_0003 VC ramp 25.abf,2024_06_26_0003 VC ramp 25.abf
615,C25,2024-06-26,DC,,25.0,,06.26/C1/2024_06_26_0004 25 DC.abf,2024_06_26_0004 25 DC.abf
616,C25,2024-06-26,DC,,25.0,,06.26/C1/2024_06_26_0005 25 DC.abf,2024_06_26_0005 25 DC.abf
617,C25,2024-06-26,DC,,25.0,,06.26/C1/2024_06_26_0006 25 DC.abf,2024_06_26_0006 25 DC.abf
618,C25,2024-06-26,DC,,25.0,,06.26/C1/2024_06_26_0007 25 DC.abf,2024_06_26_0007 25 DC.abf
619,C25,2024-06-26,DC,,25.0,,06.26/C1/2024_06_26_0008 25 DC.abf,2024_06_26_0008 25 DC.abf
620,C25,2024-06-26,DC,,25.0,,06.26/C1/2024_06_26_0009 25 DC.abf,2024_06_26_0009 25 DC.abf
621,C25,2024-06-26,DC,,25.0,,06.26/C1/2024_06_26_0010 25 DC.abf,2024_06_26_0010 25 DC.abf
622,C25,2024-06-26,DC,,25.0,,06.26/C1/2024_06_26_0011 25 DC.abf,2024_06_26_0011 25 DC.abf
623,C25,2024-06-26,IC,ramp,28.0,,06.26/C1/2024_06_26_0012 IC ramp 28.abf,2024_06_26_0012 IC ramp 28.abf
624,C25,2024-06-26,VC,ramp,28.0,,06.26/C1/2024_06_26_0013 VC ramp 28.abf,2024_06_26_0013 VC ramp 28.abf
625,C25,2024-06-26,IC,ramp,31.0,,06.26/C1/2024_06_26_0014 IC ramp 31.abf,2024_06_26_0014 IC ramp 31.abf
626,C25,2024-06-26,VC,ramp,31.0,,06.26/C1/2024_06_26_0015 VC ramp 31.abf,2024_06_26_0015 VC ramp 31.abf
627,C25,2024-06-26,IC,steps,34.0,,06.26/C1/2024_06_26_0016 IC steps 34.abf,2024_06_26_0016 IC steps 34.abf
628,C25,2024-06-26,IC,ramp,34.0,,06.26/C1/2024_06_26_0017 IC ramp 34.abf,2024_06_26_0017 IC ramp 34.abf
629,C25,2024-06-26,IC,sin,34.0,,06.26/C1/2024_06_26_0018 IC sin 34.abf,2024_06_26_0018 IC sin 34.abf
630,C25,2024-06-26,VC,ramp,34.0,,06.26/C1/2024_06_26_0019 VC ramp 34.abf,2024_06_26_0019 VC ramp 34.abf
631,C25,2024-06-26,IC,ramp,37.0,,06.26/C1/2024_06_26_0020 IC ramp 37.abf,2024_06_26_0020 IC ramp 37.abf
632,C25,2024-06-26,VC,ramp,37.0,,06.26/C1/2024_06_26_0021 VC ramp 37.abf,2024_06_26_0021 VC ramp 37.abf
633,C25,2024-06-26,IC,steps,40.0,,06.26/C1/2024_06_26_0022 IC steps 40.abf,2024_06_26_0022 IC steps 40.abf
634,C25,2024-06-26,IC,ramp,40.0,,06.26/C1/2024_06_26_0023 IC ramp 40.abf,2024_06_26_0023 IC ramp 40.abf
635,C25,2024-06-26,IC,sin,40.0,,06.26/C1/2024_06_26_0024 IC sin 40.abf,2024_06_26_0024 IC sin 40.abf
636,C25,2024-06-26,VC,ramp,40.0,,06.26/C1/2024_06_26_0025 VC ramp 40.abf,2024_06_26_0025 VC ramp 40.abf
637,C25,2024-06-26,IC,ramp,43.0,,06.26/C1/2024_06_26_0026 IC ramp 43.abf,2024_06_26_0026 IC ramp 43.abf
638,C25,2024-06-26,VC,ramp,43.0,,06.26/C1/2024_06_26_0027 VC ramp 43.abf,2024_06_26_0027 VC ramp 43.abf
639,C26,2024-06-26,IC,steps,25.0,,06.26/C2/2024_06_26_0028 IC steps 25.abf,2024_06_26_0028 IC steps 25.abf
640,C26,2024-06-26,IC,ramp,25.0,,06.26/C2/2024_06_26_0029 IC ramp 25.abf,2024_06_26_0029 IC ramp 25.abf
641,C26,2024-06-26,IC,sin,25.0,,06.26/C2/2024_06_26_0030 IC sin 25.abf,2024_06_26_0030 IC sin 25.abf
642,C26,2024-06-26,VC,ramp,25.0,,06.26/C2/2024_06_26_0031 VC ramp 25.abf,2024_06_26_0031 VC ramp 25.abf
643,C26,2024-06-26,DC,,25.0,dead,06.26/C2/2024_06_26_0032 25 DC dead.abf,2024_06_26_0032 25 DC dead.abf
644,C27,2024-06-26,IC,steps,25.0,,06.26/C3/2024_06_26_0033 IC steps 25.abf,2024_06_26_0033 IC steps 25.abf
645,C27,2024-06-26,IC,ramp,25.0,,06.26/C3/2024_06_26_0034 IC ramp 25.abf,2024_06_26_0034 IC ramp 25.abf
646,C27,2024-06-26,IC,sin,25.0,,06.26/C3/2024_06_26_0035 IC sin 25.abf,2024_06_26_0035 IC sin 25.abf
647,C27,2024-06-26,VC,ramp,25.0,,06.26/C3/2024_06_26_0036 VC ramp 25.abf,2024_06_26_0036 VC ramp 25.abf
648,C27,2024-06-26,DC,,25.0,,06.26/C3/2024_06_26_0037 25 DC.abf,2024_06_26_0037 25 DC.abf
649,C27,2024-06-26,DC,,25.0,,06.26/C3/2024_06_26_0038 25DC.abf,2024_06_26_0038 25DC.abf
650,C27,2024-06-26,IC,ramp,28.0,,06.26/C3/2024_06_26_0039 IC ramp 28.abf,2024_06_26_0039 IC ramp 28.abf
651,C27,2024-06-26,VC,ramp,28.0,,06.26/C3/2024_06_26_0040 VC ramp 28.abf,2024_06_26_0040 VC ramp 28.abf
652,C27,2024-06-26,IC,ramp,31.0,,06.26/C3/2024_06_26_0041 IC ramp 31.abf,2024_06_26_0041 IC ramp 31.abf
653,C27,2024-06-26,VC,ramp,31.0,,06.26/C3/2024_06_26_0042 VC ramp 31.abf,2024_06_26_0042 VC ramp 31.abf
654,C27,2024-06-26,IC,steps,34.0,,06.26/C3/2024_06_26_0043 IC steps 34.abf,2024_06_26_0043 IC steps 34.abf
655,C27,2024-06-26,IC,ramp,34.0,,06.26/C3/2024_06_26_0044 IC ramp 34.abf,2024_06_26_0044 IC ramp 34.abf
656,C27,2024-06-26,IC,sin,34.0,,06.26/C3/2024_06_26_0045 IC sin 34.abf,2024_06_26_0045 IC sin 34.abf
657,C27,2024-06-26,VC,ramp,34.0,,06.26/C3/2024_06_26_0046 VC ramp 34.abf,2024_06_26_0046 VC ramp 34.abf
658,C27,2024-06-26,IC,ramp,37.0,,06.26/C3/2024_06_26_0047 IC ramp 37.abf,2024_06_26_0047 IC ramp 37.abf
659,C27,2024-06-26,VC,ramp,37.0,,06.26/C3/2024_06_26_0048 VC ramp 37.abf,2024_06_26_0048 VC ramp 37.abf
