cell_id,date,experiment_number,protocol,protocol_option,temperature,comments,file_path,file_name
C1,2024-03-15,0000,IC,steps,,23abf,03.15/C1/2024_03_15_0000 IC steps 23.abf,2024_03_15_0000 IC steps 23.abf
C1,2024-03-15,0001,IC,ramp,,23abf,03.15/C1/2024_03_15_0001 IC ramp 23.abf,2024_03_15_0001 IC ramp 23.abf
C1,2024-03-15,0002,IC,sin,,23abf,03.15/C1/2024_03_15_0002 IC sin 23.abf,2024_03_15_0002 IC sin 23.abf
C1,2024-03-15,0003,VC,ramp,,23abf,03.15/C1/2024_03_15_0003 VC ramp 23.abf,2024_03_15_0003 VC ramp 23.abf
C1,2024-03-15,0004,IC,ramp,,25abf,03.15/C1/2024_03_15_0004 IC ramp 25.abf,2024_03_15_0004 IC ramp 25.abf
C1,2024-03-15,0005,IC,sin,,25abf,03.15/C1/2024_03_15_0005 IC sin 25.abf,2024_03_15_0005 IC sin 25.abf
C1,2024-03-15,0006,VC,ramp,,25abf,03.15/C1/2024_03_15_0006 VC ramp 25.abf,2024_03_15_0006 VC ramp 25.abf
C1,2024-03-15,0007,IC,ramp,,27abf,03.15/C1/2024_03_15_0007 IC ramp 27.abf,2024_03_15_0007 IC ramp 27.abf
C1,2024-03-15,0008,IC,sin,,27abf,03.15/C1/2024_03_15_0008 IC sin 27.abf,2024_03_15_0008 IC sin 27.abf
C1,2024-03-15,0009,VC,ramp,,27abf,03.15/C1/2024_03_15_0009 VC ramp 27.abf,2024_03_15_0009 VC ramp 27.abf
C1,2024-03-15,0010,IC,ramp,,29abf,03.15/C1/2024_03_15_0010 IC ramp 29.abf,2024_03_15_0010 IC ramp 29.abf
C1,2024-03-15,0011,IC,sin,,29abf,03.15/C1/2024_03_15_0011 IC sin 29.abf,2024_03_15_0011 IC sin 29.abf
C1,2024-03-15,0012,VC,ramp,,29abf,03.15/C1/2024_03_15_0012 VC ramp 29.abf,2024_03_15_0012 VC ramp 29.abf
C1,2024-03-15,0013,IC,ramp,,31abf,03.15/C1/2024_03_15_0013 IC ramp 31.abf,2024_03_15_0013 IC ramp 31.abf
C1,2024-03-15,0014,IC,sin,,31abf,03.15/C1/2024_03_15_0014 IC sin 31.abf,2024_03_15_0014 IC sin 31.abf
C1,2024-03-15,0015,VC,ramp,,31abf,03.15/C1/2024_03_15_0015 VC ramp 31.abf,2024_03_15_0015 VC ramp 31.abf
C1,2024-03-15,0016,IC,ramp,,34abf,03.15/C1/2024_03_15_0016 IC ramp 34.abf,2024_03_15_0016 IC ramp 34.abf
C1,2024-03-15,0017,IC,sin,,34abf,03.15/C1/2024_03_15_0017 IC sin 34.abf,2024_03_15_0017 IC sin 34.abf
C1,2024-03-15,0018,IC,steps,,34abf,03.15/C1/2024_03_15_0018 IC steps 34.abf,2024_03_15_0018 IC steps 34.abf
C1,2024-03-15,0019,VC,ramp,,34abf,03.15/C1/2024_03_15_0019 VC ramp 34.abf,2024_03_15_0019 VC ramp 34.abf
C1,2024-03-15,0020,IC,ramp,,36abf,03.15/C1/2024_03_15_0020 IC ramp 36.abf,2024_03_15_0020 IC ramp 36.abf
C1,2024-03-15,0021,IC,sin,,36abf,03.15/C1/2024_03_15_0021 IC sin 36.abf,2024_03_15_0021 IC sin 36.abf
C1,2024-03-15,0022,VC,ramp,,36abf,03.15/C1/2024_03_15_0022 VC ramp 36.abf,2024_03_15_0022 VC ramp 36.abf
C1,2024-03-15,0023,IC,ramp,,38abf,03.15/C1/2024_03_15_0023 IC ramp 38.abf,2024_03_15_0023 IC ramp 38.abf
C1,2024-03-15,0024,IC,sin,,38abf,03.15/C1/2024_03_15_0024 IC sin 38.abf,2024_03_15_0024 IC sin 38.abf
C1,2024-03-15,0025,IC,sin,,38 (2)abf,03.15/C1/2024_03_15_0025 IC sin 38 (2).abf,2024_03_15_0025 IC sin 38 (2).abf
C1,2024-03-15,0026,VC,ramp,,38abf,03.15/C1/2024_03_15_0026 VC ramp 38.abf,2024_03_15_0026 VC ramp 38.abf
C1,2024-03-15,0027,IC,ramp,,40abf,03.15/C1/2024_03_15_0027 IC ramp 40.abf,2024_03_15_0027 IC ramp 40.abf
C1,2024-03-15,0028,IC,sin,,40abf,03.15/C1/2024_03_15_0028 IC sin 40.abf,2024_03_15_0028 IC sin 40.abf
C1,2024-03-15,0029,VC,ramp,,40abf,03.15/C1/2024_03_15_0029 VC ramp 40.abf,2024_03_15_0029 VC ramp 40.abf
C1,2024-03-15,0030,IC,ramp,,42abf,03.15/C1/2024_03_15_0030 IC ramp 42.abf,2024_03_15_0030 IC ramp 42.abf
C1,2024-03-15,0031,IC,sin,,42abf,03.15/C1/2024_03_15_0031 IC sin 42.abf,2024_03_15_0031 IC sin 42.abf
C1,2024-03-15,0032,VC,ramp,,42abf,03.15/C1/2024_03_15_0032 VC ramp 42.abf,2024_03_15_0032 VC ramp 42.abf
C1,2024-03-15,0033,IC,ramp,,44abf,03.15/C1/2024_03_15_0033 IC ramp 44.abf,2024_03_15_0033 IC ramp 44.abf
C1,2024-03-15,0034,IC,sin,,44abf,03.15/C1/2024_03_15_0034 IC sin 44.abf,2024_03_15_0034 IC sin 44.abf
C1,2024-03-15,0035,VC,ramp,,44abf,03.15/C1/2024_03_15_0035 VC ramp 44.abf,2024_03_15_0035 VC ramp 44.abf
C2,2024-03-15,0036,IC,steps,,23abf,03.15/C2/2024_03_15_0036 IC steps 23.abf,2024_03_15_0036 IC steps 23.abf
C2,2024-03-15,0037,IC,ramp,,23abf,03.15/C2/2024_03_15_0037 IC ramp 23.abf,2024_03_15_0037 IC ramp 23.abf
C2,2024-03-15,0038,IC,sin,,23abf,03.15/C2/2024_03_15_0038 IC sin 23.abf,2024_03_15_0038 IC sin 23.abf
C2,2024-03-15,0039,VC,ramp,,23abf,03.15/C2/2024_03_15_0039 VC ramp 23.abf,2024_03_15_0039 VC ramp 23.abf
C2,2024-03-15,0040,VC,ramp,,23 (2)abf,03.15/C2/2024_03_15_0040 VC ramp 23 (2).abf,2024_03_15_0040 VC ramp 23 (2).abf
C2,2024-03-15,0041,IC,ramp,,25abf,03.15/C2/2024_03_15_0041 IC ramp 25.abf,2024_03_15_0041 IC ramp 25.abf
C2,2024-03-15,0042,IC,sin,,25abf,03.15/C2/2024_03_15_0042 IC sin 25.abf,2024_03_15_0042 IC sin 25.abf
C2,2024-03-15,0043,VC,ramp,,25abf,03.15/C2/2024_03_15_0043 VC ramp 25.abf,2024_03_15_0043 VC ramp 25.abf
C2,2024-03-15,0044,IC,ramp,,27abf,03.15/C2/2024_03_15_0044 IC ramp 27.abf,2024_03_15_0044 IC ramp 27.abf
C2,2024-03-15,0045,IC,sin,,27abf,03.15/C2/2024_03_15_0045 IC sin 27.abf,2024_03_15_0045 IC sin 27.abf
C2,2024-03-15,0046,IC,sin,,27 (2)abf,03.15/C2/2024_03_15_0046 IC sin 27 (2).abf,2024_03_15_0046 IC sin 27 (2).abf
C2,2024-03-15,0047,VC,ramp,,27abf,03.15/C2/2024_03_15_0047 VC ramp 27.abf,2024_03_15_0047 VC ramp 27.abf
C2,2024-03-15,0048,IC,ramp,,29abf,03.15/C2/2024_03_15_0048 IC ramp 29.abf,2024_03_15_0048 IC ramp 29.abf
C2,2024-03-15,0049,IC,sin,,29abf,03.15/C2/2024_03_15_0049 IC sin 29.abf,2024_03_15_0049 IC sin 29.abf
C2,2024-03-15,0050,IC,sin,,29 (2)abf,03.15/C2/2024_03_15_0050 IC sin 29 (2).abf,2024_03_15_0050 IC sin 29 (2).abf
C2,2024-03-15,0051,VC,ramp,,29abf,03.15/C2/2024_03_15_0051 VC ramp 29.abf,2024_03_15_0051 VC ramp 29.abf
C2,2024-03-15,0052,IC,ramp,,31abf,03.15/C2/2024_03_15_0052 IC ramp 31.abf,2024_03_15_0052 IC ramp 31.abf
C2,2024-03-15,0053,IC,ramp,,31 (2)abf,03.15/C2/2024_03_15_0053 IC ramp 31 (2).abf,2024_03_15_0053 IC ramp 31 (2).abf
C2,2024-03-15,0054,IC,sin,,31abf,03.15/C2/2024_03_15_0054 IC sin 31.abf,2024_03_15_0054 IC sin 31.abf
C2,2024-03-15,0055,IC,sin,,31 (2)abf,03.15/C2/2024_03_15_0055 IC sin 31 (2).abf,2024_03_15_0055 IC sin 31 (2).abf
C2,2024-03-15,0056,VC,ramp,,31abf,03.15/C2/2024_03_15_0056 VC ramp 31.abf,2024_03_15_0056 VC ramp 31.abf
C2,2024-03-15,0057,IC,ramp,,34abf,03.15/C2/2024_03_15_0057 IC ramp 34.abf,2024_03_15_0057 IC ramp 34.abf
C2,2024-03-15,0058,IC,ramp,,34 (2)abf,03.15/C2/2024_03_15_0058 IC ramp 34 (2).abf,2024_03_15_0058 IC ramp 34 (2).abf
C2,2024-03-15,0059,IC,sin,,34abf,03.15/C2/2024_03_15_0059 IC sin 34.abf,2024_03_15_0059 IC sin 34.abf
C2,2024-03-15,0060,VC,ramp,,34abf,03.15/C2/2024_03_15_0060 VC ramp 34.abf,2024_03_15_0060 VC ramp 34.abf
C2,2024-03-15,0061,IC,ramp,,36abf,03.15/C2/2024_03_15_0061 IC ramp 36.abf,2024_03_15_0061 IC ramp 36.abf
C2,2024-03-15,0062,IC,ramp,,36 (2)abf,03.15/C2/2024_03_15_0062 IC ramp 36 (2).abf,2024_03_15_0062 IC ramp 36 (2).abf
C2,2024-03-15,0063,IC,sin,,36abf,03.15/C2/2024_03_15_0063 IC sin 36.abf,2024_03_15_0063 IC sin 36.abf
C2,2024-03-15,0064,IC,ramp,,modifiedabf,03.15/C2/2024_03_15_0064 IC ramp modified.abf,2024_03_15_0064 IC ramp modified.abf
C2,2024-03-15,0065,VC,ramp,,36abf,03.15/C2/2024_03_15_0065 VC ramp 36.abf,2024_03_15_0065 VC ramp 36.abf
C2,2024-03-15,0066,IC,ramp,,38 deadabf,03.15/C2/2024_03_15_0066 IC ramp 38 dead.abf,2024_03_15_0066 IC ramp 38 dead.abf
C3,2024-03-20,0000,IC,step,,"23,5abf","03.20/C1/2024_03_20_0000 IC step 23,5.abf","2024_03_20_0000 IC step 23,5.abf"
C3,2024-03-20,0001,IC,ramp,,"23,5abf","03.20/C1/2024_03_20_0001 IC ramp 23,5.abf","2024_03_20_0001 IC ramp 23,5.abf"
C3,2024-03-20,0002,VC,ramp,,"23,5abf","03.20/C1/2024_03_20_0002 VC ramp 23,5.abf","2024_03_20_0002 VC ramp 23,5.abf"
C3,2024-03-20,0003,IC,ramp,,33abf,03.20/C1/2024_03_20_0003 IC ramp 33.abf,2024_03_20_0003 IC ramp 33.abf
C3,2024-03-20,0004,VC,ramp,,33abf,03.20/C1/2024_03_20_0004 VC ramp 33.abf,2024_03_20_0004 VC ramp 33.abf
C3,2024-03-20,0005,IC,ramp,,38abf,03.20/C1/2024_03_20_0005 IC ramp 38.abf,2024_03_20_0005 IC ramp 38.abf
C3,2024-03-20,0006,VC,ramp,,38abf,03.20/C1/2024_03_20_0006 VC ramp 38.abf,2024_03_20_0006 VC ramp 38.abf
C3,2024-03-20,0007,IC,square,,steps 38abf,03.20/C1/2024_03_20_0007 IC square steps 38.abf,2024_03_20_0007 IC square steps 38.abf
C3,2024-03-20,0008,IC,sin,,38 DCabf,03.20/C1/2024_03_20_0008 IC sin 38 DC.abf,2024_03_20_0008 IC sin 38 DC.abf
C3,2024-03-20,0009,,,,38 DCabf,03.20/C1/2024_03_20_0009 38 DC.abf,2024_03_20_0009 38 DC.abf
C3,2024-03-20,0010,,,,38 DCabf,03.20/C1/2024_03_20_0010 38 DC.abf,2024_03_20_0010 38 DC.abf
C3,2024-03-20,0011,IC,ramp,,43abf,03.20/C1/2024_03_20_0011 IC ramp 43.abf,2024_03_20_0011 IC ramp 43.abf
C3,2024-03-20,0012,VC,ramp,,43abf,03.20/C1/2024_03_20_0012 VC ramp 43.abf,2024_03_20_0012 VC ramp 43.abf
C3,2024-03-20,0013,,,,43 DCabf,03.20/C1/2024_03_20_0013 43 DC.abf,2024_03_20_0013 43 DC.abf
C3,2024-03-20,0014,,,,43 DCabf,03.20/C1/2024_03_20_0014 43 DC.abf,2024_03_20_0014 43 DC.abf
C3,2024-03-20,0015,,,,43 DCabf,03.20/C1/2024_03_20_0015 43 DC.abf,2024_03_20_0015 43 DC.abf
C3,2024-03-20,0016,IC,ramp,,"44,5abf","03.20/C1/2024_03_20_0016 IC ramp 44,5.abf","2024_03_20_0016 IC ramp 44,5.abf"
C3,2024-03-20,0017,VC,ramp,,"44,5abf","03.20/C1/2024_03_20_0017 VC ramp 44,5.abf","2024_03_20_0017 VC ramp 44,5.abf"
C3,2024-03-20,0018,,,,"44,5 DCabf","03.20/C1/2024_03_20_0018 44,5 DC.abf","2024_03_20_0018 44,5 DC.abf"
C3,2024-03-20,0019,,,,"44,5 DCabf","03.20/C1/2024_03_20_0019 44,5 DC.abf","2024_03_20_0019 44,5 DC.abf"
C3,,,,,,unparsed,03.20/C1/CC.atf,CC.atf
C3,,,,,,unparsed,03.20/C1/CC2.atf,CC2.atf
C3,,,,,,unparsed,03.20/C1/INTRES1.atf,INTRES1.atf
C3,,,,,,unparsed,03.20/C1/INTRES2.atf,INTRES2.atf
C3,,,,,,unparsed,03.20/C1/VC.atf,VC.atf
C3,,,,,,unparsed,03.20/C1/VC2.atf,VC2.atf
C3,,,,,,unparsed,03.20/C1/VC3.atf,VC3.atf
C4,,,,,,unparsed,04.10/C1/04.10 C1 IC ramp 25.atf,04.10 C1 IC ramp 25.atf
C4,,,,,,unparsed,04.10/C1/04.10 C1 IC ramp 28.atf,04.10 C1 IC ramp 28.atf
C4,,,,,,unparsed,04.10/C1/04.10 C1 IC ramp 31.atf,04.10 C1 IC ramp 31.atf
C4,,,,,,unparsed,04.10/C1/04.10 C1 IC ramp 34.atf,04.10 C1 IC ramp 34.atf
C4,,,,,,unparsed,04.10/C1/04.10 C1 IC ramp 37.atf,04.10 C1 IC ramp 37.atf
C4,,,,,,unparsed,04.10/C1/04.10 C1 VC ramp 25.atf,04.10 C1 VC ramp 25.atf
C4,,,,,,unparsed,04.10/C1/04.10 C1 VC ramp 28.atf,04.10 C1 VC ramp 28.atf
C4,,,,,,unparsed,04.10/C1/04.10 C1 VC ramp 31.atf,04.10 C1 VC ramp 31.atf
C4,,,,,,unparsed,04.10/C1/04.10 C1 VC ramp 34.atf,04.10 C1 VC ramp 34.atf
C4,,,,,,unparsed,04.10/C1/04.10 C1 VC ramp 37.atf,04.10 C1 VC ramp 37.atf
C4,2024-04-10,0000,,,,abf,04.10/C1/2024_04_10_0000.abf,2024_04_10_0000.abf
C4,2024-04-10,0001,,,,abf,04.10/C1/2024_04_10_0001.abf,2024_04_10_0001.abf
C4,2024-04-10,0002,,,,abf,04.10/C1/2024_04_10_0002.abf,2024_04_10_0002.abf
C4,2024-04-10,0003,,,,abf,04.10/C1/2024_04_10_0003.abf,2024_04_10_0003.abf
C4,2024-04-10,0004,,,,abf,04.10/C1/2024_04_10_0004.abf,2024_04_10_0004.abf
C4,2024-04-10,0005,,,,abf,04.10/C1/2024_04_10_0005.abf,2024_04_10_0005.abf
C4,2024-04-10,0006,,,,abf,04.10/C1/2024_04_10_0006.abf,2024_04_10_0006.abf
C4,2024-04-10,0007,,,,abf,04.10/C1/2024_04_10_0007.abf,2024_04_10_0007.abf
C4,2024-04-10,0008,,,,abf,04.10/C1/2024_04_10_0008.abf,2024_04_10_0008.abf
C4,2024-04-10,0009,,,,abf,04.10/C1/2024_04_10_0009.abf,2024_04_10_0009.abf
C4,2024-04-10,0010,,,,abf,04.10/C1/2024_04_10_0010.abf,2024_04_10_0010.abf
C4,2024-04-10,0011,,,,abf,04.10/C1/2024_04_10_0011.abf,2024_04_10_0011.abf
C4,2024-04-10,0012,,,,abf,04.10/C1/2024_04_10_0012.abf,2024_04_10_0012.abf
C4,2024-04-10,0013,,,,abf,04.10/C1/2024_04_10_0013.abf,2024_04_10_0013.abf
C4,2024-04-10,0014,,,,abf,04.10/C1/2024_04_10_0014.abf,2024_04_10_0014.abf
C4,2024-04-10,0015,,,,abf,04.10/C1/2024_04_10_0015.abf,2024_04_10_0015.abf
C4,2024-04-10,0016,,,,abf,04.10/C1/2024_04_10_0016.abf,2024_04_10_0016.abf
C4,2024-04-10,0017,,,,abf,04.10/C1/2024_04_10_0017.abf,2024_04_10_0017.abf
C4,2024-04-10,0018,,,,abf,04.10/C1/2024_04_10_0018.abf,2024_04_10_0018.abf
C4,2024-04-10,0019,,,,abf,04.10/C1/2024_04_10_0019.abf,2024_04_10_0019.abf
C4,2024-04-10,0020,,,,abf,04.10/C1/2024_04_10_0020.abf,2024_04_10_0020.abf
C4,2024-04-10,0021,,,,abf,04.10/C1/2024_04_10_0021.abf,2024_04_10_0021.abf
C5,2024-04-10,0022,,,,"immature, abf",04.10/C2 immature/2024_04_10_0022.abf,2024_04_10_0022.abf
C6,,,,,,unparsed,04.10/C3/04.10 C3 IC ramp 25.atf,04.10 C3 IC ramp 25.atf
C6,,,,,,unparsed,04.10/C3/04.10 C3 IC ramp 28.atf,04.10 C3 IC ramp 28.atf
C6,,,,,,unparsed,04.10/C3/04.10 C3 IC ramp 31.atf,04.10 C3 IC ramp 31.atf
C6,,,,,,unparsed,04.10/C3/04.10 C3 IC ramp 34.atf,04.10 C3 IC ramp 34.atf
C6,,,,,,unparsed,04.10/C3/04.10 C3 IC ramp 37.atf,04.10 C3 IC ramp 37.atf
C6,,,,,,unparsed,04.10/C3/04.10 C3 IC ramp 40.atf,04.10 C3 IC ramp 40.atf
C6,,,,,,unparsed,04.10/C3/04.10 C3 VC ramp 25.atf,04.10 C3 VC ramp 25.atf
C6,,,,,,unparsed,04.10/C3/04.10 C3 VC ramp 28.atf,04.10 C3 VC ramp 28.atf
C6,,,,,,unparsed,04.10/C3/04.10 C3 VC ramp 31 (2).atf,04.10 C3 VC ramp 31 (2).atf
C6,,,,,,unparsed,04.10/C3/04.10 C3 VC ramp 31.atf,04.10 C3 VC ramp 31.atf
C6,,,,,,unparsed,04.10/C3/04.10 C3 VC ramp 34.atf,04.10 C3 VC ramp 34.atf
C6,,,,,,unparsed,04.10/C3/04.10 C3 VC ramp 37.atf,04.10 C3 VC ramp 37.atf
C6,,,,,,unparsed,04.10/C3/04.10 C3 VC ramp 40.atf,04.10 C3 VC ramp 40.atf
C6,2024-04-10,0023,,,,abf,04.10/C3/2024_04_10_0023.abf,2024_04_10_0023.abf
C6,2024-04-10,0024,,,,abf,04.10/C3/2024_04_10_0024.abf,2024_04_10_0024.abf
C6,2024-04-10,0025,,,,abf,04.10/C3/2024_04_10_0025.abf,2024_04_10_0025.abf
C6,2024-04-10,0026,,,,abf,04.10/C3/2024_04_10_0026.abf,2024_04_10_0026.abf
C6,2024-04-10,0027,,,,abf,04.10/C3/2024_04_10_0027.abf,2024_04_10_0027.abf
C6,2024-04-10,0028,,,,abf,04.10/C3/2024_04_10_0028.abf,2024_04_10_0028.abf
C6,2024-04-10,0029,,,,abf,04.10/C3/2024_04_10_0029.abf,2024_04_10_0029.abf
C6,2024-04-10,0030,,,,abf,04.10/C3/2024_04_10_0030.abf,2024_04_10_0030.abf
C6,2024-04-10,0031,,,,abf,04.10/C3/2024_04_10_0031.abf,2024_04_10_0031.abf
C6,2024-04-10,0032,,,,abf,04.10/C3/2024_04_10_0032.abf,2024_04_10_0032.abf
C6,2024-04-10,0033,,,,abf,04.10/C3/2024_04_10_0033.abf,2024_04_10_0033.abf
C6,2024-04-10,0034,,,,abf,04.10/C3/2024_04_10_0034.abf,2024_04_10_0034.abf
C6,2024-04-10,0035,,,,abf,04.10/C3/2024_04_10_0035.abf,2024_04_10_0035.abf
C6,2024-04-10,0036,,,,abf,04.10/C3/2024_04_10_0036.abf,2024_04_10_0036.abf
C6,2024-04-10,0037,,,,abf,04.10/C3/2024_04_10_0037.abf,2024_04_10_0037.abf
C7,,,,,,unparsed,05.07/C1 DG/05.07 C1 IC ramp 25.atf,05.07 C1 IC ramp 25.atf
C7,,,,,,unparsed,05.07/C1 DG/05.07 C1 IC ramp 28.atf,05.07 C1 IC ramp 28.atf
C7,,,,,,unparsed,05.07/C1 DG/05.07 C1 IC ramp 31.atf,05.07 C1 IC ramp 31.atf
C7,,,,,,unparsed,05.07/C1 DG/05.07 C1 IC ramp 34.atf,05.07 C1 IC ramp 34.atf
C7,,,,,,unparsed,05.07/C1 DG/05.07 C1 IC ramp 37.atf,05.07 C1 IC ramp 37.atf
C7,,,,,,unparsed,05.07/C1 DG/05.07 C1 IC ramp 40.atf,05.07 C1 IC ramp 40.atf
C7,,,,,,unparsed,05.07/C1 DG/05.07 C1 IC sin 25.atf,05.07 C1 IC sin 25.atf
C7,,,,,,unparsed,05.07/C1 DG/05.07 C1 IC sin 34.atf,05.07 C1 IC sin 34.atf
C7,,,,,,unparsed,05.07/C1 DG/05.07 C1 IC sin 40.atf,05.07 C1 IC sin 40.atf
C7,,,,,,unparsed,05.07/C1 DG/05.07 C1 VC ramp 25.atf,05.07 C1 VC ramp 25.atf
C7,,,,,,unparsed,05.07/C1 DG/05.07 C1 VC ramp 28.atf,05.07 C1 VC ramp 28.atf
C7,,,,,,unparsed,05.07/C1 DG/05.07 C1 VC ramp 31.atf,05.07 C1 VC ramp 31.atf
C7,,,,,,unparsed,05.07/C1 DG/05.07 C1 VC ramp 34.atf,05.07 C1 VC ramp 34.atf
C7,,,,,,unparsed,05.07/C1 DG/05.07 C1 VC ramp 37.atf,05.07 C1 VC ramp 37.atf
C7,,,,,,unparsed,05.07/C1 DG/05.07 C1 VC ramp 40.atf,05.07 C1 VC ramp 40.atf
C7,2024-05-07,0000,,,,abf,05.07/C1 DG/2024_05_07_0000.abf,2024_05_07_0000.abf
C7,2024-05-07,0001,,,,abf,05.07/C1 DG/2024_05_07_0001.abf,2024_05_07_0001.abf
C7,2024-05-07,0002,,,,abf,05.07/C1 DG/2024_05_07_0002.abf,2024_05_07_0002.abf
C7,2024-05-07,0003,,,,abf,05.07/C1 DG/2024_05_07_0003.abf,2024_05_07_0003.abf
C7,2024-05-07,0004,,,,abf,05.07/C1 DG/2024_05_07_0004.abf,2024_05_07_0004.abf
C7,2024-05-07,0005,,,,abf,05.07/C1 DG/2024_05_07_0005.abf,2024_05_07_0005.abf
C7,2024-05-07,0006,,,,abf,05.07/C1 DG/2024_05_07_0006.abf,2024_05_07_0006.abf
C7,2024-05-07,0007,,,,abf,05.07/C1 DG/2024_05_07_0007.abf,2024_05_07_0007.abf
C7,2024-05-07,0008,,,,abf,05.07/C1 DG/2024_05_07_0008.abf,2024_05_07_0008.abf
C7,2024-05-07,0009,,,,abf,05.07/C1 DG/2024_05_07_0009.abf,2024_05_07_0009.abf
C7,2024-05-07,0010,,,,abf,05.07/C1 DG/2024_05_07_0010.abf,2024_05_07_0010.abf
C7,2024-05-07,0011,,,,abf,05.07/C1 DG/2024_05_07_0011.abf,2024_05_07_0011.abf
C7,2024-05-07,0012,,,,abf,05.07/C1 DG/2024_05_07_0012.abf,2024_05_07_0012.abf
C7,2024-05-07,0013,,,,abf,05.07/C1 DG/2024_05_07_0013.abf,2024_05_07_0013.abf
C7,2024-05-07,0014,,,,abf,05.07/C1 DG/2024_05_07_0014.abf,2024_05_07_0014.abf
C7,2024-05-07,0015,,,,abf,05.07/C1 DG/2024_05_07_0015.abf,2024_05_07_0015.abf
C7,2024-05-07,0016,,,,abf,05.07/C1 DG/2024_05_07_0016.abf,2024_05_07_0016.abf
C8,,,,,,unparsed,05.07/C2 DG/05.07 C2 IC ramp 25.atf,05.07 C2 IC ramp 25.atf
C8,,,,,,unparsed,05.07/C2 DG/05.07 C2 IC ramp 28.atf,05.07 C2 IC ramp 28.atf
C8,,,,,,unparsed,05.07/C2 DG/05.07 C2 IC ramp 31.atf,05.07 C2 IC ramp 31.atf
C8,,,,,,unparsed,05.07/C2 DG/05.07 C2 IC ramp 34.atf,05.07 C2 IC ramp 34.atf
C8,,,,,,unparsed,05.07/C2 DG/05.07 C2 IC ramp 37.atf,05.07 C2 IC ramp 37.atf
C8,,,,,,unparsed,05.07/C2 DG/05.07 C2 IC ramp 40.atf,05.07 C2 IC ramp 40.atf
C8,,,,,,unparsed,05.07/C2 DG/05.07 C2 IC ramp 43.atf,05.07 C2 IC ramp 43.atf
C8,,,,,,unparsed,05.07/C2 DG/05.07 C2 IC sin 25.atf,05.07 C2 IC sin 25.atf
C8,,,,,,unparsed,05.07/C2 DG/05.07 C2 IC sin 34.atf,05.07 C2 IC sin 34.atf
C8,,,,,,unparsed,05.07/C2 DG/05.07 C2 IC sin 40.atf,05.07 C2 IC sin 40.atf
C8,,,,,,unparsed,05.07/C2 DG/05.07 C2 IC sin 43.atf,05.07 C2 IC sin 43.atf
C8,,,,,,unparsed,05.07/C2 DG/05.07 C2 VC ramp 25.atf,05.07 C2 VC ramp 25.atf
C8,,,,,,unparsed,05.07/C2 DG/05.07 C2 VC ramp 28.atf,05.07 C2 VC ramp 28.atf
C8,,,,,,unparsed,05.07/C2 DG/05.07 C2 VC ramp 31.atf,05.07 C2 VC ramp 31.atf
C8,,,,,,unparsed,05.07/C2 DG/05.07 C2 VC ramp 34.atf,05.07 C2 VC ramp 34.atf
C8,,,,,,unparsed,05.07/C2 DG/05.07 C2 VC ramp 37.atf,05.07 C2 VC ramp 37.atf
C8,,,,,,unparsed,05.07/C2 DG/05.07 C2 VC ramp 40.atf,05.07 C2 VC ramp 40.atf
C8,,,,,,unparsed,05.07/C2 DG/05.07 C2 VC ramp 43.atf,05.07 C2 VC ramp 43.atf
C8,2024-05-07,0016,,,,abf,05.07/C2 DG/2024_05_07_0016.abf,2024_05_07_0016.abf
C8,2024-05-07,0017,,,,abf,05.07/C2 DG/2024_05_07_0017.abf,2024_05_07_0017.abf
C8,2024-05-07,0018,,,,abf,05.07/C2 DG/2024_05_07_0018.abf,2024_05_07_0018.abf
C8,2024-05-07,0019,,,,abf,05.07/C2 DG/2024_05_07_0019.abf,2024_05_07_0019.abf
C8,2024-05-07,0020,,,,abf,05.07/C2 DG/2024_05_07_0020.abf,2024_05_07_0020.abf
C8,2024-05-07,0021,,,,abf,05.07/C2 DG/2024_05_07_0021.abf,2024_05_07_0021.abf
C8,2024-05-07,0022,,,,abf,05.07/C2 DG/2024_05_07_0022.abf,2024_05_07_0022.abf
C8,2024-05-07,0023,,,,abf,05.07/C2 DG/2024_05_07_0023.abf,2024_05_07_0023.abf
C8,2024-05-07,0024,,,,abf,05.07/C2 DG/2024_05_07_0024.abf,2024_05_07_0024.abf
C8,2024-05-07,0025,,,,abf,05.07/C2 DG/2024_05_07_0025.abf,2024_05_07_0025.abf
C8,2024-05-07,0026,,,,abf,05.07/C2 DG/2024_05_07_0026.abf,2024_05_07_0026.abf
C8,2024-05-07,0027,,,,abf,05.07/C2 DG/2024_05_07_0027.abf,2024_05_07_0027.abf
C8,2024-05-07,0028,,,,abf,05.07/C2 DG/2024_05_07_0028.abf,2024_05_07_0028.abf
C8,2024-05-07,0029,,,,abf,05.07/C2 DG/2024_05_07_0029.abf,2024_05_07_0029.abf
C8,2024-05-07,0030,,,,abf,05.07/C2 DG/2024_05_07_0030.abf,2024_05_07_0030.abf
C8,2024-05-07,0031,,,,abf,05.07/C2 DG/2024_05_07_0031.abf,2024_05_07_0031.abf
C8,2024-05-07,0032,,,,abf,05.07/C2 DG/2024_05_07_0032.abf,2024_05_07_0032.abf
C8,2024-05-07,0033,,,,abf,05.07/C2 DG/2024_05_07_0033.abf,2024_05_07_0033.abf
C8,2024-05-07,0034,,,,abf,05.07/C2 DG/2024_05_07_0034.abf,2024_05_07_0034.abf
C8,2024-05-07,0035,,,,abf,05.07/C2 DG/2024_05_07_0035.abf,2024_05_07_0035.abf
C9,,,,,,unparsed,05.20/C1/05.20 C1 IC ramp 25.atf,05.20 C1 IC ramp 25.atf
C9,,,,,,unparsed,05.20/C1/05.20 C1 IC ramp 28.atf,05.20 C1 IC ramp 28.atf
C9,,,,,,unparsed,05.20/C1/05.20 C1 IC ramp 31.atf,05.20 C1 IC ramp 31.atf
C9,,,,,,unparsed,05.20/C1/05.20 C1 IC sin 25.atf,05.20 C1 IC sin 25.atf
C9,,,,,,unparsed,05.20/C1/05.20 C1 VC ramp 25.atf,05.20 C1 VC ramp 25.atf
C9,,,,,,unparsed,05.20/C1/05.20 C1 VC ramp 28.atf,05.20 C1 VC ramp 28.atf
C9,,,,,,unparsed,05.20/C1/05.20 C1 VC ramp 31.atf,05.20 C1 VC ramp 31.atf
C9,2024-05-20,0000,,,,abf,05.20/C1/2024_05_20_0000.abf,2024_05_20_0000.abf
C9,2024-05-20,0001,,,,abf,05.20/C1/2024_05_20_0001.abf,2024_05_20_0001.abf
C9,2024-05-20,0002,,,,abf,05.20/C1/2024_05_20_0002.abf,2024_05_20_0002.abf
C9,2024-05-20,0003,,,,abf,05.20/C1/2024_05_20_0003.abf,2024_05_20_0003.abf
C9,2024-05-20,0004,,,,abf,05.20/C1/2024_05_20_0004.abf,2024_05_20_0004.abf
C9,2024-05-20,0005,,,,abf,05.20/C1/2024_05_20_0005.abf,2024_05_20_0005.abf
C9,2024-05-20,0006,,,,abf,05.20/C1/2024_05_20_0006.abf,2024_05_20_0006.abf
C9,2024-05-20,0007,,,,abf,05.20/C1/2024_05_20_0007.abf,2024_05_20_0007.abf
C10,,,,,,unparsed,05.20/C2/20.05 C2 IC ramp 25.atf,20.05 C2 IC ramp 25.atf
C10,,,,,,unparsed,05.20/C2/20.05 C2 IC ramp 28.atf,20.05 C2 IC ramp 28.atf
C10,,,,,,unparsed,05.20/C2/20.05 C2 IC sin 25.atf,20.05 C2 IC sin 25.atf
C10,,,,,,unparsed,05.20/C2/20.05 C2 VC ramp 25.atf,20.05 C2 VC ramp 25.atf
C10,2024-05-20,0008,,,,abf,05.20/C2/2024_05_20_0008.abf,2024_05_20_0008.abf
C10,2024-05-20,0009,,,,abf,05.20/C2/2024_05_20_0009.abf,2024_05_20_0009.abf
C10,2024-05-20,0010,,,,abf,05.20/C2/2024_05_20_0010.abf,2024_05_20_0010.abf
C10,2024-05-20,0011,,,,abf,05.20/C2/2024_05_20_0011.abf,2024_05_20_0011.abf
C10,2024-05-20,0012,,,,abf,05.20/C2/2024_05_20_0012.abf,2024_05_20_0012.abf
C11,,,,,,unparsed,05.20/C3/05.20 C3 IC ramp 25.atf,05.20 C3 IC ramp 25.atf
C11,,,,,,unparsed,05.20/C3/05.20 C3 IC ramp 28.atf,05.20 C3 IC ramp 28.atf
C11,,,,,,unparsed,05.20/C3/05.20 C3 IC ramp 31.atf,05.20 C3 IC ramp 31.atf
C11,,,,,,unparsed,05.20/C3/05.20 C3 IC ramp 34.atf,05.20 C3 IC ramp 34.atf
C11,,,,,,unparsed,05.20/C3/05.20 C3 IC ramp 37.atf,05.20 C3 IC ramp 37.atf
C11,,,,,,unparsed,05.20/C3/05.20 C3 IC ramp 40.atf,05.20 C3 IC ramp 40.atf
C11,,,,,,unparsed,05.20/C3/05.20 C3 IC ramp 43.atf,05.20 C3 IC ramp 43.atf
C11,,,,,,unparsed,05.20/C3/05.20 C3 IC sin 25.atf,05.20 C3 IC sin 25.atf
C11,,,,,,unparsed,05.20/C3/05.20 C3 IC sin 34.atf,05.20 C3 IC sin 34.atf
C11,,,,,,unparsed,05.20/C3/05.20 C3 IC sin 40.atf,05.20 C3 IC sin 40.atf
C11,,,,,,unparsed,05.20/C3/05.20 C3 VC ramp 25.atf,05.20 C3 VC ramp 25.atf
C11,,,,,,unparsed,05.20/C3/05.20 C3 VC ramp 28.atf,05.20 C3 VC ramp 28.atf
C11,,,,,,unparsed,05.20/C3/05.20 C3 VC ramp 31.atf,05.20 C3 VC ramp 31.atf
C11,,,,,,unparsed,05.20/C3/05.20 C3 VC ramp 34.atf,05.20 C3 VC ramp 34.atf
C11,,,,,,unparsed,05.20/C3/05.20 C3 VC ramp 37.atf,05.20 C3 VC ramp 37.atf
C11,,,,,,unparsed,05.20/C3/05.20 C3 VC ramp 40.atf,05.20 C3 VC ramp 40.atf
C11,,,,,,unparsed,05.20/C3/05.20 C3 VC ramp 43.atf,05.20 C3 VC ramp 43.atf
C11,2024-05-20,0013,,,,abf,05.20/C3/2024_05_20_0013.abf,2024_05_20_0013.abf
C11,2024-05-20,0014,,,,abf,05.20/C3/2024_05_20_0014.abf,2024_05_20_0014.abf
C11,2024-05-20,0015,,,,abf,05.20/C3/2024_05_20_0015.abf,2024_05_20_0015.abf
C11,2024-05-20,0016,,,,abf,05.20/C3/2024_05_20_0016.abf,2024_05_20_0016.abf
C11,2024-05-20,0017,,,,abf,05.20/C3/2024_05_20_0017.abf,2024_05_20_0017.abf
C11,2024-05-20,0018,,,,abf,05.20/C3/2024_05_20_0018.abf,2024_05_20_0018.abf
C11,2024-05-20,0019,,,,abf,05.20/C3/2024_05_20_0019.abf,2024_05_20_0019.abf
C11,2024-05-20,0020,,,,abf,05.20/C3/2024_05_20_0020.abf,2024_05_20_0020.abf
C11,2024-05-20,0021,,,,abf,05.20/C3/2024_05_20_0021.abf,2024_05_20_0021.abf
C11,2024-05-20,0022,,,,abf,05.20/C3/2024_05_20_0022.abf,2024_05_20_0022.abf
C11,2024-05-20,0023,,,,abf,05.20/C3/2024_05_20_0023.abf,2024_05_20_0023.abf
C11,2024-05-20,0024,,,,abf,05.20/C3/2024_05_20_0024.abf,2024_05_20_0024.abf
C11,2024-05-20,0025,,,,abf,05.20/C3/2024_05_20_0025.abf,2024_05_20_0025.abf
C11,2024-05-20,0026,,,,abf,05.20/C3/2024_05_20_0026.abf,2024_05_20_0026.abf
C11,2024-05-20,0027,,,,abf,05.20/C3/2024_05_20_0027.abf,2024_05_20_0027.abf
C11,2024-05-20,0028,,,,abf,05.20/C3/2024_05_20_0028.abf,2024_05_20_0028.abf
C11,2024-05-20,0029,,,,abf,05.20/C3/2024_05_20_0029.abf,2024_05_20_0029.abf
C11,2024-05-20,0030,,,,abf,05.20/C3/2024_05_20_0030.abf,2024_05_20_0030.abf
C12,2024-05-20,0031,,,,abf,05.20/C4/2024_05_20_0031.abf,2024_05_20_0031.abf
C12,2024-05-20,0032,,,,abf,05.20/C4/2024_05_20_0032.abf,2024_05_20_0032.abf
C13,,,,,,unparsed,05.20/C5/05.20 C5 IC ramp 25.atf,05.20 C5 IC ramp 25.atf
C13,,,,,,unparsed,05.20/C5/05.20 C5 IC ramp 28.atf,05.20 C5 IC ramp 28.atf
C13,,,,,,unparsed,05.20/C5/05.20 C5 IC ramp 31.atf,05.20 C5 IC ramp 31.atf
C13,,,,,,unparsed,05.20/C5/05.20 C5 IC ramp 34.atf,05.20 C5 IC ramp 34.atf
C13,,,,,,unparsed,05.20/C5/05.20 C5 IC ramp 37.atf,05.20 C5 IC ramp 37.atf
C13,,,,,,unparsed,05.20/C5/05.20 C5 IC ramp 40.atf,05.20 C5 IC ramp 40.atf
C13,,,,,,unparsed,05.20/C5/05.20 C5 IC ramp 43.atf,05.20 C5 IC ramp 43.atf
C13,,,,,,unparsed,05.20/C5/05.20 C5 IC sin 25.atf,05.20 C5 IC sin 25.atf
C13,,,,,,unparsed,05.20/C5/05.20 C5 IC sin 34.atf,05.20 C5 IC sin 34.atf
C13,,,,,,unparsed,05.20/C5/05.20 C5 IC sin 40.atf,05.20 C5 IC sin 40.atf
C13,,,,,,unparsed,05.20/C5/05.20 C5 VC ramp 25.atf,05.20 C5 VC ramp 25.atf
C13,,,,,,unparsed,05.20/C5/05.20 C5 VC ramp 28.atf,05.20 C5 VC ramp 28.atf
C13,,,,,,unparsed,05.20/C5/05.20 C5 VC ramp 31.atf,05.20 C5 VC ramp 31.atf
C13,,,,,,unparsed,05.20/C5/05.20 C5 VC ramp 34.atf,05.20 C5 VC ramp 34.atf
C13,,,,,,unparsed,05.20/C5/05.20 C5 VC ramp 37.atf,05.20 C5 VC ramp 37.atf
C13,,,,,,unparsed,05.20/C5/05.20 C5 VC ramp 40.atf,05.20 C5 VC ramp 40.atf
C13,,,,,,unparsed,05.20/C5/05.20 C5 VC ramp 43.atf,05.20 C5 VC ramp 43.atf
C13,2024-05-20,0033,,,,abf,05.20/C5/2024_05_20_0033.abf,2024_05_20_0033.abf
C13,2024-05-20,0034,,,,abf,05.20/C5/2024_05_20_0034.abf,2024_05_20_0034.abf
C13,2024-05-20,0035,,,,abf,05.20/C5/2024_05_20_0035.abf,2024_05_20_0035.abf
C13,2024-05-20,0036,,,,abf,05.20/C5/2024_05_20_0036.abf,2024_05_20_0036.abf
C13,2024-05-20,0037,,,,abf,05.20/C5/2024_05_20_0037.abf,2024_05_20_0037.abf
C13,2024-05-20,0038,,,,abf,05.20/C5/2024_05_20_0038.abf,2024_05_20_0038.abf
C13,2024-05-20,0039,,,,abf,05.20/C5/2024_05_20_0039.abf,2024_05_20_0039.abf
C13,2024-05-20,0040,,,,abf,05.20/C5/2024_05_20_0040.abf,2024_05_20_0040.abf
C13,2024-05-20,0041,,,,abf,05.20/C5/2024_05_20_0041.abf,2024_05_20_0041.abf
C13,2024-05-20,0042,,,,abf,05.20/C5/2024_05_20_0042.abf,2024_05_20_0042.abf
C13,2024-05-20,0043,,,,abf,05.20/C5/2024_05_20_0043.abf,2024_05_20_0043.abf
C13,2024-05-20,0044,,,,abf,05.20/C5/2024_05_20_0044.abf,2024_05_20_0044.abf
C13,2024-05-20,0045,,,,abf,05.20/C5/2024_05_20_0045.abf,2024_05_20_0045.abf
C13,2024-05-20,0046,,,,abf,05.20/C5/2024_05_20_0046.abf,2024_05_20_0046.abf
C13,2024-05-20,0047,,,,abf,05.20/C5/2024_05_20_0047.abf,2024_05_20_0047.abf
C13,2024-05-20,0048,,,,abf,05.20/C5/2024_05_20_0048.abf,2024_05_20_0048.abf
C13,2024-05-20,0049,,,,abf,05.20/C5/2024_05_20_0049.abf,2024_05_20_0049.abf
C13,2024-05-20,0050,,,,abf,05.20/C5/2024_05_20_0050.abf,2024_05_20_0050.abf
C14,,,,,,unparsed,05.23/C1/05.23 C1 IC ramp 25.atf,05.23 C1 IC ramp 25.atf
C14,,,,,,unparsed,05.23/C1/05.23 C1 IC ramp 28.atf,05.23 C1 IC ramp 28.atf
C14,,,,,,unparsed,05.23/C1/05.23 C1 IC ramp 31.atf,05.23 C1 IC ramp 31.atf
C14,,,,,,unparsed,05.23/C1/05.23 C1 IC ramp 34.atf,05.23 C1 IC ramp 34.atf
C14,,,,,,unparsed,05.23/C1/05.23 C1 IC ramp 37.atf,05.23 C1 IC ramp 37.atf
C14,,,,,,unparsed,05.23/C1/05.23 C1 IC ramp 40.atf,05.23 C1 IC ramp 40.atf
C14,,,,,,unparsed,05.23/C1/05.23 C1 IC sin 25.atf,05.23 C1 IC sin 25.atf
C14,,,,,,unparsed,05.23/C1/05.23 C1 IC sin 34.atf,05.23 C1 IC sin 34.atf
C14,,,,,,unparsed,05.23/C1/05.23 C1 IC sin 40.atf,05.23 C1 IC sin 40.atf
C14,,,,,,unparsed,05.23/C1/05.23 C1 VC ramp 25.atf,05.23 C1 VC ramp 25.atf
C14,,,,,,unparsed,05.23/C1/05.23 C1 VC ramp 28.atf,05.23 C1 VC ramp 28.atf
C14,,,,,,unparsed,05.23/C1/05.23 C1 VC ramp 31.atf,05.23 C1 VC ramp 31.atf
C14,,,,,,unparsed,05.23/C1/05.23 C1 VC ramp 34.atf,05.23 C1 VC ramp 34.atf
C14,,,,,,unparsed,05.23/C1/05.23 C1 VC ramp 37.atf,05.23 C1 VC ramp 37.atf
C14,,,,,,unparsed,05.23/C1/05.23 C1 VC ramp 40.atf,05.23 C1 VC ramp 40.atf
C14,2024-05-23,0000,,,,abf,05.23/C1/2024_05_23_0000.abf,2024_05_23_0000.abf
C14,2024-05-23,0001,,,,abf,05.23/C1/2024_05_23_0001.abf,2024_05_23_0001.abf
C14,2024-05-23,0002,,,,abf,05.23/C1/2024_05_23_0002.abf,2024_05_23_0002.abf
C14,2024-05-23,0003,,,,abf,05.23/C1/2024_05_23_0003.abf,2024_05_23_0003.abf
C14,2024-05-23,0004,,,,abf,05.23/C1/2024_05_23_0004.abf,2024_05_23_0004.abf
C14,2024-05-23,0005,,,,abf,05.23/C1/2024_05_23_0005.abf,2024_05_23_0005.abf
C14,2024-05-23,0006,,,,abf,05.23/C1/2024_05_23_0006.abf,2024_05_23_0006.abf
C14,2024-05-23,0007,,,,abf,05.23/C1/2024_05_23_0007.abf,2024_05_23_0007.abf
C14,2024-05-23,0008,,,,abf,05.23/C1/2024_05_23_0008.abf,2024_05_23_0008.abf
C14,2024-05-23,0009,,,,abf,05.23/C1/2024_05_23_0009.abf,2024_05_23_0009.abf
C14,2024-05-23,0010,,,,abf,05.23/C1/2024_05_23_0010.abf,2024_05_23_0010.abf
C14,2024-05-23,0011,,,,abf,05.23/C1/2024_05_23_0011.abf,2024_05_23_0011.abf
C14,2024-05-23,0012,,,,abf,05.23/C1/2024_05_23_0012.abf,2024_05_23_0012.abf
C14,2024-05-23,0013,,,,abf,05.23/C1/2024_05_23_0013.abf,2024_05_23_0013.abf
C14,2024-05-23,0014,,,,abf,05.23/C1/2024_05_23_0014.abf,2024_05_23_0014.abf
C14,2024-05-23,0015,,,,abf,05.23/C1/2024_05_23_0015.abf,2024_05_23_0015.abf
C15,,,,,,unparsed,05.23/C2/05.23 C2 IC ramp 25.atf,05.23 C2 IC ramp 25.atf
C15,,,,,,unparsed,05.23/C2/05.23 C2 IC ramp 28.atf,05.23 C2 IC ramp 28.atf
C15,,,,,,unparsed,05.23/C2/05.23 C2 IC ramp 31.atf,05.23 C2 IC ramp 31.atf
C15,,,,,,unparsed,05.23/C2/05.23 C2 IC ramp 34.atf,05.23 C2 IC ramp 34.atf
C15,,,,,,unparsed,05.23/C2/05.23 C2 IC ramp 37.atf,05.23 C2 IC ramp 37.atf
C15,,,,,,unparsed,05.23/C2/05.23 C2 IC ramp 40.atf,05.23 C2 IC ramp 40.atf
C15,,,,,,unparsed,05.23/C2/05.23 C2 IC ramp 43.atf,05.23 C2 IC ramp 43.atf
C15,,,,,,unparsed,05.23/C2/05.23 C2 IC sin 25.atf,05.23 C2 IC sin 25.atf
C15,,,,,,unparsed,05.23/C2/05.23 C2 IC sin 34.atf,05.23 C2 IC sin 34.atf
C15,,,,,,unparsed,05.23/C2/05.23 C2 VC ramp 25.atf,05.23 C2 VC ramp 25.atf
C15,,,,,,unparsed,05.23/C2/05.23 C2 VC ramp 28.atf,05.23 C2 VC ramp 28.atf
C15,,,,,,unparsed,05.23/C2/05.23 C2 VC ramp 31.atf,05.23 C2 VC ramp 31.atf
C15,,,,,,unparsed,05.23/C2/05.23 C2 VC ramp 34.atf,05.23 C2 VC ramp 34.atf
C15,,,,,,unparsed,05.23/C2/05.23 C2 VC ramp 37.atf,05.23 C2 VC ramp 37.atf
C15,,,,,,unparsed,05.23/C2/05.23 C2 VC ramp 40.atf,05.23 C2 VC ramp 40.atf
C15,,,,,,unparsed,05.23/C2/05.23 C2 VC ramp 43.atf,05.23 C2 VC ramp 43.atf
C15,2024-05-23,0016,,,,abf,05.23/C2/2024_05_23_0016.abf,2024_05_23_0016.abf
C15,2024-05-23,0017,,,,abf,05.23/C2/2024_05_23_0017.abf,2024_05_23_0017.abf
C15,2024-05-23,0018,,,,abf,05.23/C2/2024_05_23_0018.abf,2024_05_23_0018.abf
C15,2024-05-23,0019,,,,abf,05.23/C2/2024_05_23_0019.abf,2024_05_23_0019.abf
C15,2024-05-23,0020,,,,abf,05.23/C2/2024_05_23_0020.abf,2024_05_23_0020.abf
C15,2024-05-23,0021,,,,abf,05.23/C2/2024_05_23_0021.abf,2024_05_23_0021.abf
C15,2024-05-23,0022,,,,abf,05.23/C2/2024_05_23_0022.abf,2024_05_23_0022.abf
C15,2024-05-23,0023,,,,abf,05.23/C2/2024_05_23_0023.abf,2024_05_23_0023.abf
C15,2024-05-23,0024,,,,abf,05.23/C2/2024_05_23_0024.abf,2024_05_23_0024.abf
C15,2024-05-23,0025,,,,abf,05.23/C2/2024_05_23_0025.abf,2024_05_23_0025.abf
C15,2024-05-23,0026,,,,abf,05.23/C2/2024_05_23_0026.abf,2024_05_23_0026.abf
C15,2024-05-23,0027,,,,abf,05.23/C2/2024_05_23_0027.abf,2024_05_23_0027.abf
C15,2024-05-23,0028,,,,abf,05.23/C2/2024_05_23_0028.abf,2024_05_23_0028.abf
C15,2024-05-23,0029,,,,abf,05.23/C2/2024_05_23_0029.abf,2024_05_23_0029.abf
C15,2024-05-23,0030,,,,abf,05.23/C2/2024_05_23_0030.abf,2024_05_23_0030.abf
C15,2024-05-23,0031,,,,abf,05.23/C2/2024_05_23_0031.abf,2024_05_23_0031.abf
C15,2024-05-23,0032,,,,abf,05.23/C2/2024_05_23_0032.abf,2024_05_23_0032.abf
C15,2024-05-23,0033,,,,abf,05.23/C2/2024_05_23_0033.abf,2024_05_23_0033.abf
C15,2024-05-23,0034,,,,abf,05.23/C2/2024_05_23_0034.abf,2024_05_23_0034.abf
C15,2024-05-23,0035,,,,abf,05.23/C2/2024_05_23_0035.abf,2024_05_23_0035.abf
C15,2024-05-23,0036,,,,abf,05.23/C2/2024_05_23_0036.abf,2024_05_23_0036.abf
C16,2024-05-23,0037,,,,abf,05.23/C3/2024_05_23_0037.abf,2024_05_23_0037.abf
C16,2024-05-23,0038,,,,abf,05.23/C3/2024_05_23_0038.abf,2024_05_23_0038.abf
C16,2024-05-23,0039,,,,abf,05.23/C3/2024_05_23_0039.abf,2024_05_23_0039.abf
C16,2024-05-23,0040,,,,abf,05.23/C3/2024_05_23_0040.abf,2024_05_23_0040.abf
C16,2024-05-23,0041,,,,abf,05.23/C3/2024_05_23_0041.abf,2024_05_23_0041.abf
C16,2024-05-23,0042,,,,abf,05.23/C3/2024_05_23_0042.abf,2024_05_23_0042.abf
C16,2024-05-23,0043,,,,abf,05.23/C3/2024_05_23_0043.abf,2024_05_23_0043.abf
C16,2024-05-23,0044,,,,abf,05.23/C3/2024_05_23_0044.abf,2024_05_23_0044.abf
C16,2024-05-23,0045,,,,abf,05.23/C3/2024_05_23_0045.abf,2024_05_23_0045.abf
C16,,,,,,unparsed,05.23/C3/23.05 C3 IC ramp 25.atf,23.05 C3 IC ramp 25.atf
C16,,,,,,unparsed,05.23/C3/23.05 C3 IC ramp 28.atf,23.05 C3 IC ramp 28.atf
C16,,,,,,unparsed,05.23/C3/23.05 C3 IC ramp 31.atf,23.05 C3 IC ramp 31.atf
C16,,,,,,unparsed,05.23/C3/23.05 C3 IC ramp 34.atf,23.05 C3 IC ramp 34.atf
C16,,,,,,unparsed,05.23/C3/23.05 C3 IC sin 25.atf,23.05 C3 IC sin 25.atf
C16,,,,,,unparsed,05.23/C3/23.05 C3 VC ramp 25.atf,23.05 C3 VC ramp 25.atf
C16,,,,,,unparsed,05.23/C3/23.05 C3 VC ramp 28.atf,23.05 C3 VC ramp 28.atf
C16,,,,,,unparsed,05.23/C3/23.05 C3 VC ramp 31.atf,23.05 C3 VC ramp 31.atf
C17,,,,,,unparsed,05.23/C4/05.23 C4 IC ramp 25.atf,05.23 C4 IC ramp 25.atf
C17,,,,,,unparsed,05.23/C4/05.23 C4 IC ramp 28.atf,05.23 C4 IC ramp 28.atf
C17,,,,,,unparsed,05.23/C4/05.23 C4 IC ramp 31.atf,05.23 C4 IC ramp 31.atf
C17,,,,,,unparsed,05.23/C4/05.23 C4 IC ramp 34.atf,05.23 C4 IC ramp 34.atf
C17,,,,,,unparsed,05.23/C4/05.23 C4 IC ramp 37.atf,05.23 C4 IC ramp 37.atf
C17,,,,,,unparsed,05.23/C4/05.23 C4 IC ramp 40.atf,05.23 C4 IC ramp 40.atf
C17,,,,,,unparsed,05.23/C4/05.23 C4 IC ramp 43.atf,05.23 C4 IC ramp 43.atf
C17,,,,,,unparsed,05.23/C4/05.23 C4 IC sin 25.atf,05.23 C4 IC sin 25.atf
C17,,,,,,unparsed,05.23/C4/05.23 C4 IC sin 34.atf,05.23 C4 IC sin 34.atf
C17,,,,,,unparsed,05.23/C4/05.23 C4 IC sin 40.atf,05.23 C4 IC sin 40.atf
C17,,,,,,unparsed,05.23/C4/05.23 C4 VC ramp 25.atf,05.23 C4 VC ramp 25.atf
C17,,,,,,unparsed,05.23/C4/05.23 C4 VC ramp 28.atf,05.23 C4 VC ramp 28.atf
C17,,,,,,unparsed,05.23/C4/05.23 C4 VC ramp 31.atf,05.23 C4 VC ramp 31.atf
C17,,,,,,unparsed,05.23/C4/05.23 C4 VC ramp 34.atf,05.23 C4 VC ramp 34.atf
C17,,,,,,unparsed,05.23/C4/05.23 C4 VC ramp 37.atf,05.23 C4 VC ramp 37.atf
C17,,,,,,unparsed,05.23/C4/05.23 C4 VC ramp 40.atf,05.23 C4 VC ramp 40.atf
C17,,,,,,unparsed,05.23/C4/05.23 C4 VC ramp 43.atf,05.23 C4 VC ramp 43.atf
C17,2024-05-23,0046,,,,abf,05.23/C4/2024_05_23_0046.abf,2024_05_23_0046.abf
C17,2024-05-23,0047,,,,abf,05.23/C4/2024_05_23_0047.abf,2024_05_23_0047.abf
C17,2024-05-23,0048,,,,abf,05.23/C4/2024_05_23_0048.abf,2024_05_23_0048.abf
C17,2024-05-23,0049,,,,abf,05.23/C4/2024_05_23_0049.abf,2024_05_23_0049.abf
C17,2024-05-23,0050,,,,abf,05.23/C4/2024_05_23_0050.abf,2024_05_23_0050.abf
C17,2024-05-23,0051,,,,abf,05.23/C4/2024_05_23_0051.abf,2024_05_23_0051.abf
C17,2024-05-23,0052,,,,abf,05.23/C4/2024_05_23_0052.abf,2024_05_23_0052.abf
C17,2024-05-23,0053,,,,abf,05.23/C4/2024_05_23_0053.abf,2024_05_23_0053.abf
C17,2024-05-23,0054,,,,abf,05.23/C4/2024_05_23_0054.abf,2024_05_23_0054.abf
C17,2024-05-23,0055,,,,abf,05.23/C4/2024_05_23_0055.abf,2024_05_23_0055.abf
C17,2024-05-23,0056,,,,abf,05.23/C4/2024_05_23_0056.abf,2024_05_23_0056.abf
C17,2024-05-23,0057,,,,abf,05.23/C4/2024_05_23_0057.abf,2024_05_23_0057.abf
C17,2024-05-23,0058,,,,abf,05.23/C4/2024_05_23_0058.abf,2024_05_23_0058.abf
C17,2024-05-23,0059,,,,abf,05.23/C4/2024_05_23_0059.abf,2024_05_23_0059.abf
C17,2024-05-23,0060,,,,abf,05.23/C4/2024_05_23_0060.abf,2024_05_23_0060.abf
C17,2024-05-23,0061,,,,abf,05.23/C4/2024_05_23_0061.abf,2024_05_23_0061.abf
C17,2024-05-23,0062,,,,abf,05.23/C4/2024_05_23_0062.abf,2024_05_23_0062.abf
C17,2024-05-23,0063,,,,abf,05.23/C4/2024_05_23_0063.abf,2024_05_23_0063.abf
C17,2024-05-23,0064,,,,abf,05.23/C4/2024_05_23_0064.abf,2024_05_23_0064.abf
C17,2024-05-23,0065,,,,abf,05.23/C4/2024_05_23_0065.abf,2024_05_23_0065.abf
C17,2024-05-23,0066,,,,abf,05.23/C4/2024_05_23_0066.abf,2024_05_23_0066.abf
C17,2024-05-23,0067,,,,abf,05.23/C4/2024_05_23_0067.abf,2024_05_23_0067.abf
C17,2024-05-23,0068,,,,abf,05.23/C4/2024_05_23_0068.abf,2024_05_23_0068.abf
C17,2024-05-23,0069,,,,abf,05.23/C4/2024_05_23_0069.abf,2024_05_23_0069.abf
C18,,,,,,unparsed,05.29/C1/05.29 C1 IC ramp 25.atf,05.29 C1 IC ramp 25.atf
C18,,,,,,unparsed,05.29/C1/05.29 C1 IC ramp 28.atf,05.29 C1 IC ramp 28.atf
C18,,,,,,unparsed,05.29/C1/05.29 C1 IC ramp 31.atf,05.29 C1 IC ramp 31.atf
C18,,,,,,unparsed,05.29/C1/05.29 C1 IC ramp 34.atf,05.29 C1 IC ramp 34.atf
C18,,,,,,unparsed,05.29/C1/05.29 C1 IC ramp 37.atf,05.29 C1 IC ramp 37.atf
C18,,,,,,unparsed,05.29/C1/05.29 C1 IC sin 25.atf,05.29 C1 IC sin 25.atf
C18,,,,,,unparsed,05.29/C1/05.29 C1 IC sin 34.atf,05.29 C1 IC sin 34.atf
C18,,,,,,unparsed,05.29/C1/05.29 C1 VC ramp 25.atf,05.29 C1 VC ramp 25.atf
C18,,,,,,unparsed,05.29/C1/05.29 C1 VC ramp 28.atf,05.29 C1 VC ramp 28.atf
C18,,,,,,unparsed,05.29/C1/05.29 C1 VC ramp 31.atf,05.29 C1 VC ramp 31.atf
C18,,,,,,unparsed,05.29/C1/05.29 C1 VC ramp 34.atf,05.29 C1 VC ramp 34.atf
C18,,,,,,unparsed,05.29/C1/05.29 C1 VC ramp 37.atf,05.29 C1 VC ramp 37.atf
C18,2024-05-29,0000,,,,abf,05.29/C1/2024_05_29_0000.abf,2024_05_29_0000.abf
C18,2024-05-29,0001,,,,abf,05.29/C1/2024_05_29_0001.abf,2024_05_29_0001.abf
C18,2024-05-29,0002,,,,abf,05.29/C1/2024_05_29_0002.abf,2024_05_29_0002.abf
C18,2024-05-29,0003,,,,abf,05.29/C1/2024_05_29_0003.abf,2024_05_29_0003.abf
C18,2024-05-29,0004,,,,abf,05.29/C1/2024_05_29_0004.abf,2024_05_29_0004.abf
C18,2024-05-29,0005,,,,abf,05.29/C1/2024_05_29_0005.abf,2024_05_29_0005.abf
C18,2024-05-29,0006,,,,abf,05.29/C1/2024_05_29_0006.abf,2024_05_29_0006.abf
C18,2024-05-29,0007,,,,abf,05.29/C1/2024_05_29_0007.abf,2024_05_29_0007.abf
C18,2024-05-29,0008,,,,abf,05.29/C1/2024_05_29_0008.abf,2024_05_29_0008.abf
C18,2024-05-29,0009,,,,abf,05.29/C1/2024_05_29_0009.abf,2024_05_29_0009.abf
C18,2024-05-29,0010,,,,abf,05.29/C1/2024_05_29_0010.abf,2024_05_29_0010.abf
C18,2024-05-29,0011,,,,abf,05.29/C1/2024_05_29_0011.abf,2024_05_29_0011.abf
C18,2024-05-29,0012,,,,abf,05.29/C1/2024_05_29_0012.abf,2024_05_29_0012.abf
C18,2024-05-29,0013,,,,abf,05.29/C1/2024_05_29_0013.abf,2024_05_29_0013.abf
C18,2024-05-29,0014,,,,abf,05.29/C1/2024_05_29_0014.abf,2024_05_29_0014.abf
C19,,,,,,unparsed,05.29/C2/05.29 C2 Dynamic clamp (2) 25.atf,05.29 C2 Dynamic clamp (2) 25.atf
C19,,,,,,unparsed,05.29/C2/05.29 C2 Dynamic clamp 25.atf,05.29 C2 Dynamic clamp 25.atf
C19,,,,,,unparsed,05.29/C2/05.29 C2 Dynamic clamp 34.atf,05.29 C2 Dynamic clamp 34.atf
C19,,,,,,unparsed,05.29/C2/05.29 C2 IC ramp 25.atf,05.29 C2 IC ramp 25.atf
C19,,,,,,unparsed,05.29/C2/05.29 C2 IC ramp 28.atf,05.29 C2 IC ramp 28.atf
C19,,,,,,unparsed,05.29/C2/05.29 C2 IC ramp 31.atf,05.29 C2 IC ramp 31.atf
C19,,,,,,unparsed,05.29/C2/05.29 C2 IC ramp 34.atf,05.29 C2 IC ramp 34.atf
C19,,,,,,unparsed,05.29/C2/05.29 C2 IC ramp 37.atf,05.29 C2 IC ramp 37.atf
C19,,,,,,unparsed,05.29/C2/05.29 C2 IC sin 25.atf,05.29 C2 IC sin 25.atf
C19,,,,,,unparsed,05.29/C2/05.29 C2 IC sin 34.atf,05.29 C2 IC sin 34.atf
C19,,,,,,unparsed,05.29/C2/05.29 C2 VC ramp 25.atf,05.29 C2 VC ramp 25.atf
C19,,,,,,unparsed,05.29/C2/05.29 C2 VC ramp 28.atf,05.29 C2 VC ramp 28.atf
C19,,,,,,unparsed,05.29/C2/05.29 C2 VC ramp 31.atf,05.29 C2 VC ramp 31.atf
C19,,,,,,unparsed,05.29/C2/05.29 C2 VC ramp 34.atf,05.29 C2 VC ramp 34.atf
C19,2024-05-29,0015,,,,abf,05.29/C2/2024_05_29_0015.abf,2024_05_29_0015.abf
C19,2024-05-29,0016,,,,abf,05.29/C2/2024_05_29_0016.abf,2024_05_29_0016.abf
C19,2024-05-29,0017,,,,abf,05.29/C2/2024_05_29_0017.abf,2024_05_29_0017.abf
C19,2024-05-29,0018,,,,abf,05.29/C2/2024_05_29_0018.abf,2024_05_29_0018.abf
C19,2024-05-29,0019,,,,abf,05.29/C2/2024_05_29_0019.abf,2024_05_29_0019.abf
C19,2024-05-29,0020,,,,abf,05.29/C2/2024_05_29_0020.abf,2024_05_29_0020.abf
C19,2024-05-29,0021,,,,abf,05.29/C2/2024_05_29_0021.abf,2024_05_29_0021.abf
C19,2024-05-29,0022,,,,abf,05.29/C2/2024_05_29_0022.abf,2024_05_29_0022.abf
C19,2024-05-29,0023,,,,abf,05.29/C2/2024_05_29_0023.abf,2024_05_29_0023.abf
C19,2024-05-29,0024,,,,abf,05.29/C2/2024_05_29_0024.abf,2024_05_29_0024.abf
C19,2024-05-29,0025,,,,abf,05.29/C2/2024_05_29_0025.abf,2024_05_29_0025.abf
C19,2024-05-29,0026,,,,abf,05.29/C2/2024_05_29_0026.abf,2024_05_29_0026.abf
C19,2024-05-29,0027,,,,abf,05.29/C2/2024_05_29_0027.abf,2024_05_29_0027.abf
C19,2024-05-29,0028,,,,abf,05.29/C2/2024_05_29_0028.abf,2024_05_29_0028.abf
C19,2024-05-29,0029,,,,abf,05.29/C2/2024_05_29_0029.abf,2024_05_29_0029.abf
C19,2024-05-29,0030,,,,abf,05.29/C2/2024_05_29_0030.abf,2024_05_29_0030.abf
C19,2024-05-29,0031,,,,abf,05.29/C2/2024_05_29_0031.abf,2024_05_29_0031.abf
C19,2024-05-29,0032,,,,abf,05.29/C2/2024_05_29_0032.abf,2024_05_29_0032.abf
C20,2024-05-29,0033,,,,"immature, abf",05.29/C3 immature/2024_05_29_0033.abf,2024_05_29_0033.abf
C20,2024-05-29,0034,,,,"immature, abf",05.29/C3 immature/2024_05_29_0034.abf,2024_05_29_0034.abf
C20,2024-05-29,0035,,,,"immature, abf",05.29/C3 immature/2024_05_29_0035.abf,2024_05_29_0035.abf
C20,2024-05-29,0036,,,,"immature, abf",05.29/C3 immature/2024_05_29_0036.abf,2024_05_29_0036.abf
C21,2024-05-30,0001,,,,abf,05.30/C1/2024_05_30_0001.abf,2024_05_30_0001.abf
C21,2024-05-30,0002,,,,abf,05.30/C1/2024_05_30_0002.abf,2024_05_30_0002.abf
C21,2024-05-30,0003,,,,abf,05.30/C1/2024_05_30_0003.abf,2024_05_30_0003.abf
C21,2024-05-30,0004,,,,abf,05.30/C1/2024_05_30_0004.abf,2024_05_30_0004.abf
C21,2024-05-30,0005,,,,abf,05.30/C1/2024_05_30_0005.abf,2024_05_30_0005.abf
C21,2024-05-30,0006,,,,abf,05.30/C1/2024_05_30_0006.abf,2024_05_30_0006.abf
C21,2024-05-30,0007,,,,abf,05.30/C1/2024_05_30_0007.abf,2024_05_30_0007.abf
C21,2024-05-30,0008,,,,abf,05.30/C1/2024_05_30_0008.abf,2024_05_30_0008.abf
C21,2024-05-30,0009,,,,abf,05.30/C1/2024_05_30_0009.abf,2024_05_30_0009.abf
C21,2024-05-30,0010,,,,abf,05.30/C1/2024_05_30_0010.abf,2024_05_30_0010.abf
C21,2024-05-30,0011,,,,abf,05.30/C1/2024_05_30_0011.abf,2024_05_30_0011.abf
C21,2024-05-30,0012,,,,abf,05.30/C1/2024_05_30_0012.abf,2024_05_30_0012.abf
C21,2024-05-30,0013,,,,abf,05.30/C1/2024_05_30_0013.abf,2024_05_30_0013.abf
C21,2024-05-30,0014,,,,abf,05.30/C1/2024_05_30_0014.abf,2024_05_30_0014.abf
C21,2024-05-30,0015,,,,abf,05.30/C1/2024_05_30_0015.abf,2024_05_30_0015.abf
C21,2024-05-30,0016,,,,abf,05.30/C1/2024_05_30_0016.abf,2024_05_30_0016.abf
C21,2024-05-30,0017,,,,abf,05.30/C1/2024_05_30_0017.abf,2024_05_30_0017.abf
C21,2024-05-30,0018,,,,abf,05.30/C1/2024_05_30_0018.abf,2024_05_30_0018.abf
C21,2024-05-30,0019,,,,abf,05.30/C1/2024_05_30_0019.abf,2024_05_30_0019.abf
C21,2024-05-30,0020,,,,abf,05.30/C1/2024_05_30_0020.abf,2024_05_30_0020.abf
C21,2024-05-30,0021,,,,abf,05.30/C1/2024_05_30_0021.abf,2024_05_30_0021.abf
C21,2024-05-30,0022,,,,abf,05.30/C1/2024_05_30_0022.abf,2024_05_30_0022.abf
C21,,,,,,unparsed,05.30/C1/30.05 C1 Dynamic clamp 25.atf,30.05 C1 Dynamic clamp 25.atf
C21,,,,,,unparsed,05.30/C1/30.05 C1 Dynamic clamp 34.atf,30.05 C1 Dynamic clamp 34.atf
C21,,,,,,unparsed,05.30/C1/30.05 C1 IC ramp 25.atf,30.05 C1 IC ramp 25.atf
C21,,,,,,unparsed,05.30/C1/30.05 C1 IC ramp 28.atf,30.05 C1 IC ramp 28.atf
C21,,,,,,unparsed,05.30/C1/30.05 C1 IC ramp 31.atf,30.05 C1 IC ramp 31.atf
C21,,,,,,unparsed,05.30/C1/30.05 C1 IC ramp 34.atf,30.05 C1 IC ramp 34.atf
C21,,,,,,unparsed,05.30/C1/30.05 C1 IC ramp 37.atf,30.05 C1 IC ramp 37.atf
C21,,,,,,unparsed,05.30/C1/30.05 C1 IC ramp 40.atf,30.05 C1 IC ramp 40.atf
C21,,,,,,unparsed,05.30/C1/30.05 C1 IC sin 25.atf,30.05 C1 IC sin 25.atf
C21,,,,,,unparsed,05.30/C1/30.05 C1 IC sin 34.atf,30.05 C1 IC sin 34.atf
C21,,,,,,unparsed,05.30/C1/30.05 C1 VC ramp 25.atf,30.05 C1 VC ramp 25.atf
C21,,,,,,unparsed,05.30/C1/30.05 C1 VC ramp 28.atf,30.05 C1 VC ramp 28.atf
C21,,,,,,unparsed,05.30/C1/30.05 C1 VC ramp 31.atf,30.05 C1 VC ramp 31.atf
C21,,,,,,unparsed,05.30/C1/30.05 C1 VC ramp 34.atf,30.05 C1 VC ramp 34.atf
C21,,,,,,unparsed,05.30/C1/30.05 C1 VC ramp 37.atf,30.05 C1 VC ramp 37.atf
C21,,,,,,unparsed,05.30/C1/30.05 C1 VC ramp 40.atf,30.05 C1 VC ramp 40.atf
C22,,,,,,unparsed,05.30/C2/05.30 C2 Dynamic clamp 25.atf,05.30 C2 Dynamic clamp 25.atf
C22,,,,,,unparsed,05.30/C2/05.30 C2 Dynamic clamp 34.atf,05.30 C2 Dynamic clamp 34.atf
C22,,,,,,unparsed,05.30/C2/05.30 C2 IC ramp 25.atf,05.30 C2 IC ramp 25.atf
C22,,,,,,unparsed,05.30/C2/05.30 C2 IC ramp 28.atf,05.30 C2 IC ramp 28.atf
C22,,,,,,unparsed,05.30/C2/05.30 C2 IC ramp 31.atf,05.30 C2 IC ramp 31.atf
C22,,,,,,unparsed,05.30/C2/05.30 C2 IC ramp 34.atf,05.30 C2 IC ramp 34.atf
C22,,,,,,unparsed,05.30/C2/05.30 C2 IC ramp 37.atf,05.30 C2 IC ramp 37.atf
C22,,,,,,unparsed,05.30/C2/05.30 C2 IC sin 25.atf,05.30 C2 IC sin 25.atf
C22,,,,,,unparsed,05.30/C2/05.30 C2 IC sin 34.atf,05.30 C2 IC sin 34.atf
C22,,,,,,unparsed,05.30/C2/05.30 C2 VC ramp 25.atf,05.30 C2 VC ramp 25.atf
C22,,,,,,unparsed,05.30/C2/05.30 C2 VC ramp 28.atf,05.30 C2 VC ramp 28.atf
C22,,,,,,unparsed,05.30/C2/05.30 C2 VC ramp 31.atf,05.30 C2 VC ramp 31.atf
C22,,,,,,unparsed,05.30/C2/05.30 C2 VC ramp 34.atf,05.30 C2 VC ramp 34.atf
C22,,,,,,unparsed,05.30/C2/05.30 C2 VC ramp 37.atf,05.30 C2 VC ramp 37.atf
C22,2024-05-30,0023,,,,abf,05.30/C2/2024_05_30_0023.abf,2024_05_30_0023.abf
C22,2024-05-30,0024,,,,abf,05.30/C2/2024_05_30_0024.abf,2024_05_30_0024.abf
C22,2024-05-30,0025,,,,abf,05.30/C2/2024_05_30_0025.abf,2024_05_30_0025.abf
C22,2024-05-30,0026,,,,abf,05.30/C2/2024_05_30_0026.abf,2024_05_30_0026.abf
C22,2024-05-30,0027,,,,abf,05.30/C2/2024_05_30_0027.abf,2024_05_30_0027.abf
C22,2024-05-30,0028,,,,abf,05.30/C2/2024_05_30_0028.abf,2024_05_30_0028.abf
C22,2024-05-30,0029,,,,abf,05.30/C2/2024_05_30_0029.abf,2024_05_30_0029.abf
C22,2024-05-30,0030,,,,abf,05.30/C2/2024_05_30_0030.abf,2024_05_30_0030.abf
C22,2024-05-30,0031,,,,abf,05.30/C2/2024_05_30_0031.abf,2024_05_30_0031.abf
C22,2024-05-30,0032,,,,abf,05.30/C2/2024_05_30_0032.abf,2024_05_30_0032.abf
C22,2024-05-30,0033,,,,abf,05.30/C2/2024_05_30_0033.abf,2024_05_30_0033.abf
C22,2024-05-30,0034,,,,abf,05.30/C2/2024_05_30_0034.abf,2024_05_30_0034.abf
C22,2024-05-30,0035,,,,abf,05.30/C2/2024_05_30_0035.abf,2024_05_30_0035.abf
C22,2024-05-30,0036,,,,abf,05.30/C2/2024_05_30_0036.abf,2024_05_30_0036.abf
C22,2024-05-30,0037,,,,abf,05.30/C2/2024_05_30_0037.abf,2024_05_30_0037.abf
C22,2024-05-30,0038,,,,abf,05.30/C2/2024_05_30_0038.abf,2024_05_30_0038.abf
C23,2024-06-19,0000,IC,steps,,25abf,06.19/C1/2024_06_19_0000 IC steps 25.abf,2024_06_19_0000 IC steps 25.abf
C23,2024-06-19,0001,IC,ramp,,25abf,06.19/C1/2024_06_19_0001 IC ramp 25.abf,2024_06_19_0001 IC ramp 25.abf
C23,2024-06-19,0002,IC,sin,,25abf,06.19/C1/2024_06_19_0002 IC sin 25.abf,2024_06_19_0002 IC sin 25.abf
C23,2024-06-19,0003,VC,ramp,,25abf,06.19/C1/2024_06_19_0003 VC ramp 25.abf,2024_06_19_0003 VC ramp 25.abf
C23,2024-06-19,0004,,,,25 DCabf,06.19/C1/2024_06_19_0004 25 DC.abf,2024_06_19_0004 25 DC.abf
C23,2024-06-19,0005,IC,ramp,,28abf,06.19/C1/2024_06_19_0005 IC ramp 28.abf,2024_06_19_0005 IC ramp 28.abf
C23,2024-06-19,0006,VC,ramp,,28abf,06.19/C1/2024_06_19_0006 VC ramp 28.abf,2024_06_19_0006 VC ramp 28.abf
C23,2024-06-19,0007,IC,ramp,,31abf,06.19/C1/2024_06_19_0007 IC ramp 31.abf,2024_06_19_0007 IC ramp 31.abf
C23,2024-06-19,0008,VC,ramp,,31abf,06.19/C1/2024_06_19_0008 VC ramp 31.abf,2024_06_19_0008 VC ramp 31.abf
C23,2024-06-19,0009,IC,steps,,34abf,06.19/C1/2024_06_19_0009 IC steps 34.abf,2024_06_19_0009 IC steps 34.abf
C23,2024-06-19,0010,IC,ramp,,34abf,06.19/C1/2024_06_19_0010 IC ramp 34.abf,2024_06_19_0010 IC ramp 34.abf
C23,2024-06-19,0011,IC,sin,,34abf,06.19/C1/2024_06_19_0011 IC sin 34.abf,2024_06_19_0011 IC sin 34.abf
C23,2024-06-19,0012,VC,ramp,,34abf,06.19/C1/2024_06_19_0012 VC ramp 34.abf,2024_06_19_0012 VC ramp 34.abf
C23,2024-06-19,0013,,,,abf,06.19/C1/2024_06_19_0013.abf,2024_06_19_0013.abf
C24,2024-06-19,0014,IC,steps,,25abf,06.19/C2/2024_06_19_0014 IC steps 25.abf,2024_06_19_0014 IC steps 25.abf
C24,2024-06-19,0015,IC,ramp,,25abf,06.19/C2/2024_06_19_0015 IC ramp 25.abf,2024_06_19_0015 IC ramp 25.abf
C24,2024-06-19,0016,IC,sin,,25abf,06.19/C2/2024_06_19_0016 IC sin 25.abf,2024_06_19_0016 IC sin 25.abf
C24,2024-06-19,0017,VC,ramp,,25abf,06.19/C2/2024_06_19_0017 VC ramp 25.abf,2024_06_19_0017 VC ramp 25.abf
C24,2024-06-19,0018,,,,25 DCabf,06.19/C2/2024_06_19_0018 25 DC.abf,2024_06_19_0018 25 DC.abf
C24,2024-06-19,0019,,,,25 DCabf,06.19/C2/2024_06_19_0019 25 DC.abf,2024_06_19_0019 25 DC.abf
C24,2024-06-19,0020,IC,ramp,,28abf,06.19/C2/2024_06_19_0020 IC ramp 28.abf,2024_06_19_0020 IC ramp 28.abf
C24,2024-06-19,0021,VC,ramp,,28abf,06.19/C2/2024_06_19_0021 VC ramp 28.abf,2024_06_19_0021 VC ramp 28.abf
C24,2024-06-19,0022,IC,ramp,,31abf,06.19/C2/2024_06_19_0022 IC ramp 31.abf,2024_06_19_0022 IC ramp 31.abf
C24,2024-06-19,0023,VC,ramp,,31abf,06.19/C2/2024_06_19_0023 VC ramp 31.abf,2024_06_19_0023 VC ramp 31.abf
C25,2024-06-26,0000,IC,steps,,25abf,06.26/C1/2024_06_26_0000 IC steps 25.abf,2024_06_26_0000 IC steps 25.abf
C25,2024-06-26,0001,IC,ramp,,25abf,06.26/C1/2024_06_26_0001 IC ramp 25.abf,2024_06_26_0001 IC ramp 25.abf
C25,2024-06-26,0002,IC,sin,,25abf,06.26/C1/2024_06_26_0002 IC sin 25.abf,2024_06_26_0002 IC sin 25.abf
C25,2024-06-26,0003,VC,ramp,,25abf,06.26/C1/2024_06_26_0003 VC ramp 25.abf,2024_06_26_0003 VC ramp 25.abf
C25,2024-06-26,0004,,,,25 DCabf,06.26/C1/2024_06_26_0004 25 DC.abf,2024_06_26_0004 25 DC.abf
C25,2024-06-26,0005,,,,25 DCabf,06.26/C1/2024_06_26_0005 25 DC.abf,2024_06_26_0005 25 DC.abf
C25,2024-06-26,0006,,,,25 DCabf,06.26/C1/2024_06_26_0006 25 DC.abf,2024_06_26_0006 25 DC.abf
C25,2024-06-26,0007,,,,25 DCabf,06.26/C1/2024_06_26_0007 25 DC.abf,2024_06_26_0007 25 DC.abf
C25,2024-06-26,0008,,,,25 DCabf,06.26/C1/2024_06_26_0008 25 DC.abf,2024_06_26_0008 25 DC.abf
C25,2024-06-26,0009,,,,25 DCabf,06.26/C1/2024_06_26_0009 25 DC.abf,2024_06_26_0009 25 DC.abf
C25,2024-06-26,0010,,,,25 DCabf,06.26/C1/2024_06_26_0010 25 DC.abf,2024_06_26_0010 25 DC.abf
C25,2024-06-26,0011,,,,25 DCabf,06.26/C1/2024_06_26_0011 25 DC.abf,2024_06_26_0011 25 DC.abf
C25,2024-06-26,0012,IC,ramp,,28abf,06.26/C1/2024_06_26_0012 IC ramp 28.abf,2024_06_26_0012 IC ramp 28.abf
C25,2024-06-26,0013,VC,ramp,,28abf,06.26/C1/2024_06_26_0013 VC ramp 28.abf,2024_06_26_0013 VC ramp 28.abf
C25,2024-06-26,0014,IC,ramp,,31abf,06.26/C1/2024_06_26_0014 IC ramp 31.abf,2024_06_26_0014 IC ramp 31.abf
C25,2024-06-26,0015,VC,ramp,,31abf,06.26/C1/2024_06_26_0015 VC ramp 31.abf,2024_06_26_0015 VC ramp 31.abf
C25,2024-06-26,0016,IC,steps,,34abf,06.26/C1/2024_06_26_0016 IC steps 34.abf,2024_06_26_0016 IC steps 34.abf
C25,2024-06-26,0017,IC,ramp,,34abf,06.26/C1/2024_06_26_0017 IC ramp 34.abf,2024_06_26_0017 IC ramp 34.abf
C25,2024-06-26,0018,IC,sin,,34abf,06.26/C1/2024_06_26_0018 IC sin 34.abf,2024_06_26_0018 IC sin 34.abf
C25,2024-06-26,0019,VC,ramp,,34abf,06.26/C1/2024_06_26_0019 VC ramp 34.abf,2024_06_26_0019 VC ramp 34.abf
C25,2024-06-26,0020,IC,ramp,,37abf,06.26/C1/2024_06_26_0020 IC ramp 37.abf,2024_06_26_0020 IC ramp 37.abf
C25,2024-06-26,0021,VC,ramp,,37abf,06.26/C1/2024_06_26_0021 VC ramp 37.abf,2024_06_26_0021 VC ramp 37.abf
C25,2024-06-26,0022,IC,steps,,40abf,06.26/C1/2024_06_26_0022 IC steps 40.abf,2024_06_26_0022 IC steps 40.abf
C25,2024-06-26,0023,IC,ramp,,40abf,06.26/C1/2024_06_26_0023 IC ramp 40.abf,2024_06_26_0023 IC ramp 40.abf
C25,2024-06-26,0024,IC,sin,,40abf,06.26/C1/2024_06_26_0024 IC sin 40.abf,2024_06_26_0024 IC sin 40.abf
C25,2024-06-26,0025,VC,ramp,,40abf,06.26/C1/2024_06_26_0025 VC ramp 40.abf,2024_06_26_0025 VC ramp 40.abf
C25,2024-06-26,0026,IC,ramp,,43abf,06.26/C1/2024_06_26_0026 IC ramp 43.abf,2024_06_26_0026 IC ramp 43.abf
C25,2024-06-26,0027,VC,ramp,,43abf,06.26/C1/2024_06_26_0027 VC ramp 43.abf,2024_06_26_0027 VC ramp 43.abf
C26,2024-06-26,0028,IC,steps,,25abf,06.26/C2/2024_06_26_0028 IC steps 25.abf,2024_06_26_0028 IC steps 25.abf
C26,2024-06-26,0029,IC,ramp,,25abf,06.26/C2/2024_06_26_0029 IC ramp 25.abf,2024_06_26_0029 IC ramp 25.abf
C26,2024-06-26,0030,IC,sin,,25abf,06.26/C2/2024_06_26_0030 IC sin 25.abf,2024_06_26_0030 IC sin 25.abf
C26,2024-06-26,0031,VC,ramp,,25abf,06.26/C2/2024_06_26_0031 VC ramp 25.abf,2024_06_26_0031 VC ramp 25.abf
C26,2024-06-26,0032,,,,25 DC deadabf,06.26/C2/2024_06_26_0032 25 DC dead.abf,2024_06_26_0032 25 DC dead.abf
C27,2024-06-26,0033,IC,steps,,25abf,06.26/C3/2024_06_26_0033 IC steps 25.abf,2024_06_26_0033 IC steps 25.abf
C27,2024-06-26,0034,IC,ramp,,25abf,06.26/C3/2024_06_26_0034 IC ramp 25.abf,2024_06_26_0034 IC ramp 25.abf
C27,2024-06-26,0035,IC,sin,,25abf,06.26/C3/2024_06_26_0035 IC sin 25.abf,2024_06_26_0035 IC sin 25.abf
C27,2024-06-26,0036,VC,ramp,,25abf,06.26/C3/2024_06_26_0036 VC ramp 25.abf,2024_06_26_0036 VC ramp 25.abf
C27,2024-06-26,0037,,,,25 DCabf,06.26/C3/2024_06_26_0037 25 DC.abf,2024_06_26_0037 25 DC.abf
C27,2024-06-26,0038,,,,25DCabf,06.26/C3/2024_06_26_0038 25DC.abf,2024_06_26_0038 25DC.abf
C27,2024-06-26,0039,IC,ramp,,28abf,06.26/C3/2024_06_26_0039 IC ramp 28.abf,2024_06_26_0039 IC ramp 28.abf
C27,2024-06-26,0040,VC,ramp,,28abf,06.26/C3/2024_06_26_0040 VC ramp 28.abf,2024_06_26_0040 VC ramp 28.abf
C27,2024-06-26,0041,IC,ramp,,31abf,06.26/C3/2024_06_26_0041 IC ramp 31.abf,2024_06_26_0041 IC ramp 31.abf
C27,2024-06-26,0042,VC,ramp,,31abf,06.26/C3/2024_06_26_0042 VC ramp 31.abf,2024_06_26_0042 VC ramp 31.abf
C27,2024-06-26,0043,IC,steps,,34abf,06.26/C3/2024_06_26_0043 IC steps 34.abf,2024_06_26_0043 IC steps 34.abf
C27,2024-06-26,0044,IC,ramp,,34abf,06.26/C3/2024_06_26_0044 IC ramp 34.abf,2024_06_26_0044 IC ramp 34.abf
C27,2024-06-26,0045,IC,sin,,34abf,06.26/C3/2024_06_26_0045 IC sin 34.abf,2024_06_26_0045 IC sin 34.abf
C27,2024-06-26,0046,VC,ramp,,34abf,06.26/C3/2024_06_26_0046 VC ramp 34.abf,2024_06_26_0046 VC ramp 34.abf
C27,2024-06-26,0047,IC,ramp,,37abf,06.26/C3/2024_06_26_0047 IC ramp 37.abf,2024_06_26_0047 IC ramp 37.abf
C27,2024-06-26,0048,VC,ramp,,37abf,06.26/C3/2024_06_26_0048 VC ramp 37.abf,2024_06_26_0048 VC ramp 37.abf
